"ID_PERSON";"ID_WIKIDATA";"ID_IMDB";"ID_WIKIDATA_PERSON";"ID_TMDB_WIKIDATA";"NAME";"ADULT"
"1948";"Q95452451";"nm0835140";"1948";;"Claude Stroud";"0"
"2335";"Q24022284";"nm0916688";"2335";;"Michael Weber";"0"
"2999";"Q136391178";"nm0601397";"2999";;"John Jay Moore";"0"
"8277";"Q121086118";"nm0772829";"8277";;"Arne Schmidt";"0"
"9450";"Q134363245";"nm1207495";"9450";;"Neil Rayment";"0"
"9605";"Q20203432";"nm0691365";"9605";;"Vladimir Popov";"0"
"15289";"Q131835153";"nm0055922";"15289";;"John Barnett";"0"
"17507";"Q95859107";"nm2567217";"17507";;"Uwe Trede";"0"
"19353";"Q136304421";"nm1037838";"19353";;"Peter Garde";"0"
"20506";"Q6265333";"nm0957003";"20506";;"John Zinman";"0"
"24710";"Q136089145";"nm0716927";"24710";;"Christopher Reich";"0"
"26651";"Q6764659";"nm0845079";"26651";;"Mario Ernesto Sánchez";"0"
"29654";"Q1209793";"nm0004615";"29654";;"Dick Smith";"0"
"30333";"Q131531461";"nm0271400";"30333";;"Richard Fell";"0"
"30607";"Q111454172";"nm0099435";"30607";;"Jamieson Boulanger";"0"
"37004";"Q133705744";"nm0004089";"37004";;"Matthew Irving";"0"
"37894";"Q112649130";"nm0391955";"37894";;"Mark Holmes";"0"
"39007";"Q134481368";"nm3163793";"39007";;"Carlos Miranda";"0"
"39522";"Q134366684";"nm0214468";"39522";;"James Defelice";"0"
"41893";"Q131519856";"nm0024163";"41893";;"Len Amato";"0"
"49926";"Q136230171";"nm0291619";"49926";;"Mike Frankovich Jr.";"0"
"50195";"Q94860608";"nm0222253";"50195";;"Danielo Devaux";"0"
"51630";"Q4766571";"nm1059198";"51630";;"Pilitak";"0"
"52292";"Q135474872";"nm0770182";"52292";;"Dirk Scharrer";"0"
"53653";"Q3753332";"nm0274676";"53653";;"Jesús Ferrero";"0"
"56507";"Q8008271";"nm0551976";"1213908";;"Bill Martin";"0"
"58986";"Q121091204";"nm0428575";"58986";;"Kevin Knapman";"0"
"60236";"Q5336075";"nm1169005";"60236";;"Eddie Gossling";"0"
"60556";"Q131323856";"nm0732521";"60556";;"Dave Robinson";"0"
"60904";"Q3434683";"nm0122853";"0";;"Rob Burns";"0"
"63387";"Q136373683";"nm0176846";"63387";;"Jack Coogan Sr.";"0"
"63422";"Q15838501";"nm0494628";"63422";;"Philippe Le Sourd";"0"
"64472";"Q124788843";"nm1325924";"0";;"Bryan Terrell Clark";"0"
"66208";"Q136416357";"nm0539618";"66208";;"Amir Jacob Malin";"0"
"67997";"Q7491398";"nm1171067";"67997";;"Shawn Lawrence Otto";"0"
"68090";"Q131463377";"nm0717755";"68090";;"Thomas Reilly";"0"
"78644";"Q2419111";"nm0065738";"78644";;"Theophilus Beckford";"0"
"79548";"Q3310597";"nm2234880";"79548";;"Michel Pirus";"0"
"84972";"Q42336659";"nm0107228";"0";;"John Brenkus";"0"
"86402";"Q135978722";"nm0133802";"86402";;"Charles Cane";"0"
"89276";"Q1154391";"nm0580988";"89276";;"Francesco Merli";"0"
"91886";"Q2553091";"nm0341396";"1167740";;"Wayne Griffin";"0"
"91888";"Q135217005";"nm0373459";"91888";;"Kenneth Heeley-Ray";"0"
"93322";"Q95777103";"nm0716307";"93322";;"Theodore Reeves";"0"
"94012";"Q131387230";"nm2592377";"94012";;"Jeffrey Roth";"0"
"96112";"Q130761680";"nm2424570";"96112";;"Roy Burdine";"0"
"98314";"Q131976808";"nm0442110";"98314";;"Charlotte Kaufman";"0"
"98517";"Q135594445";"nm0252190";"98517";;"Don Eitner";"0"
"102648";"Q136437074";"nm0309729";"102648";;"Jill Gatsby";"0"
"102994";"Q131351617";"nm0372146";"102994";;"John Head";"0"
"103491";"Q136430918";"nm0285663";"103491";;"Grace Ford";"0"
"108403";"Q2059587";"nm3084191";"0";;"Joseph Benavidez";"0"
"110898";"Q16420432";"nm0251033";"110898";;"Ólafur Egilsson";"0"
"114962";"Q136449907";"nm0908671";"114962";;"Helen Wallace";"0"
"115079";"Q133927418";"nm0107063";"115079";;"Leonard Bremen";"0"
"115709";"Q134397858";"nm0265022";"115709";;"James Fagan";"0"
"116009";"Q4141772";"nm3043385";"116009";;"Vasiliy Golovachev";"0"
"120473";"Q135440298";"nm0837986";"120473";;"Brick Sullivan";"0"
"120475";"Q135441127";"nm0587319";"120475";;"Jerry Miley";"0"
"121119";"Q136373749";"nm0244179";"121119";;"Grace Durkin";"0"
"124855";"Q3435044";"nm0254609";"124855";;"Robert Elliott";"0"
"125689";"Q12582940";"nm3675452";"125689";;"Kang Sung-pil";"0"
"126318";"Q121315019";"nm1338122";"126318";;"Robert Humphreys";"0"
"126342";"Q5561957";"nm0040780";"126342";;"Nick Atkinson";"0"
"126589";"Q136398873";"nm0618864";"126589";;"André Nader";"0"
"129014";"Q3025678";"nm1339304";"129014";;"Dhafer L'Abidine";"0"
"132803";"Q11369159";"nm2759146";"4092504";;"Tomohiro Kubo";"0"
"133186";"Q3301066";"nm1103140";"133186";;"Maurice Lime";"0"
"133582";"Q469097";"nm0172503";"0";;"Lyn Collins";"0"
"133797";"Q135264579";"nm0446986";"133797";;"Paul Kelman";"0"
"135636";"Q136423405";"nm2364840";"135636";;"Lystra";"1"
"136330";"Q20664346";"nm2386529";"136330";;"A.J. Bailey";"1"
"137713";"Q128622530";"nm0085984";"137713";;"Maureen Blackwood";"0"
"139632";"Q131406068";"nm0402383";"139632";;"Chris Hunt";"0"
"139814";"Q135981013";"nm0092692";"139814";;"Rick Boland";"0"
"144442";"Q16140807";"nm1315606";"144442";;"Arnut Rapanit";"0"
"145063";"Q16624011";"nm1405206";"145063";;"Oscar Orlando Torres";"0"
"146103";"Q327407";"nm0270819";"0";;"Bi Feiyu";"0"
"147701";"Q2663797";"nm0392792";"1253461";;"Hans Holzer";"0"
"150396";"Q136198397";"nm1478922";"150396";;"Erroll Shand";"0"
"150745";"Q462317";"nm0003286";"150745";;"Taylor S. Clair";"0"
"152897";"Q135446749";"nm0369255";"152897";;"Alan Haufrect";"0"
"154190";"Q130272443";"nm3910627";"154190";;"Indigo Augustine";"1"
"158097";"Q124282636";"nm0645122";"158097";;"Tom Ohmer";"0"
"160696";"Q136379377";"nm0519551";"160696";;"Mark Lonow";"0"
"161635";"Q135557207";"nm0151383";"161635";;"James Chandler";"0"
"161663";"Q11897244";"nm0052148";"0";;"Emily Banks";"0"
"167898";"Q69960011";"nm0745954";"167898";;"Louise Rousseau";"0"
"172179";"Q5489089";"nm0961577";"172179";;"Frank Pugliese";"0"
"172734";"Q110245321";"nm0947742";"172734";;"Don Yesso";"0"
"176819";"Q3525262";"nm4297891";"1315013";;"Thomas Johnson";"0"
"178045";"Q136437211";"nm0546923";"178045";;"Gina Mari";"0"
"184636";"Q136255593";"nm0363938";"184636";;"Rand Harper";"0"
"185512";"Q134590967";"nm0601135";"185512";;"Donald Moore";"0"
"185992";"Q136431065";"nm0265563";"185992";;"Diana Fairfax";"0"
"190513";"Q124655045";"nm0921136";"190513";;"Robin Wentworth";"0"
"194392";"Q132739143";"nm0027350";"194392";;"Robert Anderson";"0"
"223236";"Q6196418";"nm0507355";"1240103";;"Jim Lewis";"0"
"224933";"Q131363902";"nm2145112";"224933";;"Dan Stone";"0"
"225223";"Q109344899";"nm2264164";"225223";;"Stephen Bassett";"0"
"233513";"Q135456290";"nm0670313";"233513";;"Tony Peers";"0"
"235318";"Q4244837";"nm1436182";"235318";;"Andrey Kuzichyov";"0"
"236024";"Q42887185";"nm0193338";"1306714";;"Gabriel Curtis";"0"
"237413";"Q136229170";"nm3763400";"237413";;"Honor Cargil-Martin";"0"
"240657";"Q7199805";"nm1908317";"1238100";;"Karen Chan Ga-Yee";"0"
"268107";"Q19864797";"nm0671318";"268107";;"Melissa Jo Peltier";"0"
"501001";"Q3025635";"nm3846949";"501001";;"Deyan Sudjic";"0"
"519324";"Q131463356";"nm4018617";"519324";;"Dhayanidhi Alagiri";"0"
"545267";"Q131406069";"nm0280302";"545267";;"Kevin Fitzgerald";"0"
"545426";"Q104901343";"nm0515433";"545426";;"Patrick Lizana";"0"
"546874";"Q38452616";"nm3412606";"546874";;"Marit Stocker";"0"
"552238";"Q136379378";"nm0040146";"552238";;"JoAnne Astrow";"0"
"554927";"Q131462482";"nm0795724";"554927";;"Daniel Shulman";"0"
"557216";"Q135913052";"nm3137126";"557216";;"Ali Faulkner";"0"
"563208";"Q62729757";"nm2692904";"563208";;"Bianca Golden";"1"
"566175";"Q114690294";"nm0151013";"566175";;"Chan Man-Keung";"0"
"566672";"Q11672243";"nm4132661";"566672";;"Masahiro Takata";"0"
"566794";"Q131463369";"nm1672572";"566794";;"Ravi Walia";"0"
"570707";"Q6742102";"nm2316214";"570707";;"Choo So-yeong";"0"
"571183";"Q95911558";"nm2476796";"571183";;"Klaus Dieter Bange";"0"
"571660";"Q136416564";"nm1080286";"0";;"Jason Ryder";"1"
"572375";"Q3587857";"nm2862721";"0";;"Elisabeth Buffet";"0"
"576368";"Q4919324";"nm5050394";"576368";;"Patiparn Pataweekarn";"0"
"578692";"Q132471360";"nm3238734";"578692";;"Thomas Coombes";"0"
"581084";"Q15303664";"nm1485941";"581084";;"Madhan Bob";"0"
"593130";"Q131325306";"nm1057948";"593130";;"Rajendra Bhatia";"0"
"606215";"Q2959514";"nm0442104";"139317";;"Charles Kaufman";"0"
"866906";"Q6386167";"nm3573561";"866906";;"Kelly Washington";"0"
"932378";"Q98768681";"nm0436894";"932378";;"Irene Kamp";"0"
"935745";"Q131363255";"nm3677163";"935745";;"Ken Mills";"0"
"935888";"Q4280554";"nm1475312";"1260161";;"Natalia Silantyeva";"0"
"950802";"Q136093211";"nm0330225";"950802";;"Gloria Gordon";"0"
"961520";"Q131520404";"nm2089521";"961520";;"John McDowell";"0"
"964318";"Q8066787";"nm2192173";"964318";;"Zarina Screwvala";"0"
"967321";"Q95912560";"nm3229505";"967321";;"Yoni Brenner";"0"
"985706";"Q130527415";"nm3231469";"985706";;"Adam Cornelius";"0"
"994919";"Q136089509";"nm1246529";"994919";;"Gilberto Ramirez";"0"
"994919";"Q136335598";"nm1246529";"994919";;"Gilberto Ramirez";"0"
"1001020";"Q136126279";"nm0151633";"1001020";;"Anna Chang";"0"
"1001664";"Q16166873";"nm1146705";"1001664";;"Ananda George";"0"
"1004549";"Q136264570";"nm0483435";"1004549";;"Vassili Lambrinos";"0"
"1008601";"Q136148627";"nm0519237";"1008601";;"Woody Long";"1"
"1011260";"Q706518";"nm0858504";"1238874";;"B.J. Thomas";"0"
"1019058";"Q95832685";"nm0727329";"1019058";;"Matthias Rimpler";"0"
"1021431";"Q135656178";"nm3885943";"1021431";;"Sophia Mitri Schloss";"0"
"1022549";"Q134487077";"nm1690777";"1022549";;"Celine Tyll";"0"
"1029016";"Q135982615";"nm0706435";"1029016";;"Randi Rage";"1"
"1030578";"Q51161280";"nm1249814";"1030578";;"Aída Gómez";"0"
"1031116";"Q3256857";"nm0515041";"1031116";;"Liu Xiaodong";"0"
"1033070";"Q131350047";"nm0788930";"1033070";;"Vijay Sharma";"0"
"1037332";"Q22102143";"nm0123202";"1037331";;"Jim Burroughs";"0"
"1041401";"Q7607047";"nm4754105";"1041401";;"Stella Chung";"0"
"1042690";"Q7807480";"nm0715190";"0";;"Tim Redwine";"0"
"1043272";"Q11532089";"nm1656314";"1043272";;"Masataka Matsuda";"0"
"1046134";"Q136353211";"nm2576804";"1046134";;"Molly Conners";"0"
"1055322";"Q136297394";"nm3313615";"1055322";;"Clifford A. Poutre";"0"
"1059527";"Q99522824";"nm1103743";"1059527";;"Paul Bronfman";"0"
"1059826";"Q52161866";"nm2647644";"1059826";;"Silvia Rubi";"1"
"1060081";"Q28749126";"nm2922572";"1060081";;"Johnny Pemberton";"0"
"1061545";"Q136437892";"nm0543682";"1061545";;"Javier Manrique";"0"
"1066869";"Q131462676";"nm0868667";"1066869";;"Ignacio Torres";"0"
"1070385";"Q136108986";"nm4679011";"1070385";;"Michelle Argyris";"0"
"1073188";"Q133850773";"nm0211297";"1073188";;"Nello de'Rossi";"0"
"1075067";"Q9213754";"nm2722005";"1075067";;"Shaohua Yang";"0"
"1077504";"Q16304328";"nm5434984";"1259401";;"Thanya Phowijit";"0"
"1079527";"Q12227898";"nm0252756";"1079527";;"Ali El Scherif";"0"
"1082620";"Q21066051";"nm5215283";"1344492";;"Takrit Hemannopjit";"0"
"1082740";"Q17160439";"nm0813802";"1082740";;"Someno Yukio";"0"
"1087103";"Q2293567";"nm0095457";"1087103";;"Corine Boon";"0"
"1088726";"Q4256346";"nm2738522";"1088726";;"Alexandr Levenbuk";"0"
"1091875";"Q136333555";"nm0130843";"1091875";;"William Calvert";"0"
"1098054";"Q136436803";"nm1442146";"1098054";;"Eglė Mikalauskaitė";"0"
"1106168";"Q115962615";"nm1065412";"1106168";;"Steen Lyders Hansen";"0"
"1113239";"Q131578511";"nm4417706";"1113239";;"Vijay Kumar Arora";"0"
"1114818";"Q136375363";"nm0043042";"1114818";;"Jeanne Avery";"0"
"1114827";"Q133281244";"nm2205098";"1114827";;"Pudgy Roberts";"1"
"1118400";"Q3806784";"nm0972337";"1118400";;"Jamey Scott";"0"
"1120765";"Q132039073";"nm3011176";"1120765";;"Lee Seong-je";"0"
"1131195";"Q4157391";"nm3293566";"1131195";;"Andrey Dementev";"0"
"1131742";"Q538692";"nm0451998";"1131742";;"Bakhtyar Khudojnazarov";"0"
"1138734";"Q125416876";"nm0283493";"1138734";;"Jerry Flynn";"0"
"1139831";"Q136430427";"nm3623694";"1139831";;"Angela Attison";"1"
"1141915";"Q110069713";"nm0135805";"1141915";;"Lucia Cara";"0"
"1143255";"Q71713363";"nm9060285";"0";;"Jean-Albert Foëx";"0"
"1143559";"Q15711484";"nm5434119";"1143559";;"Sathish Krishnan";"0"
"1151345";"Q116763164";"nm1469264";"0";;"Sally Wood";"0"
"1155144";"Q6986802";"nm0022748";"1155144";;"Naftali Alter";"0"
"1157598";"Q12472729";"nm3991389";"1157598";;"Astri Nurdin";"0"
"1159396";"Q136172808";"nm5237561";"1159396";;"Rosine Chouinard-Chauveau";"0"
"1162642";"Q133730705";"nm1428097";"1162642";;"Ofir Babayoff";"0"
"1164362";"Q10311261";"nm0722877";"1769577";;"João Ribeiro";"0"
"1164718";"Q12238168";"nm1760564";"1164718";;"Madline Tabar";"0"
"1169045";"Q15071123";"nm0501188";"2912025";;"Aleksandr Lemberg";"0"
"1169828";"Q104653699";"nm1901728";"0";;"Emily Topper";"0"
"1173756";"Q124829619";"nm1967631";"0";;"Yue Ming";"0"
"1174421";"Q131341204";"nm1210799";"1174421";;"Aarif Sheikh";"0"
"1175498";"Q3335580";"nm3964268";"1175498";;"Nancy Holt";"0"
"1175988";"Q7651025";"nm0710191";"1175988";;"Suzette Ranillo";"0"
"1177098";"Q133837409";"nm1032990";"1177098";;"Zsuzsa Száger";"0"
"1180192";"Q7962743";"nm4033436";"1180192";;"Wallace Berman";"0"
"1181718";"Q131401594";"nm1564624";"1181718";;"Tim Irwin";"0"
"1183695";"Q4665957";"nm2139069";"1183695";;"Abdullah Anas";"0"
"1184298";"Q136432737";"nm0453025";"1184298";;"Nancy Kilgas";"0"
"1186649";"Q6752508";"nm3198894";"1186649";;"Manuel Chua";"0"
"1187650";"Q3964932";"nm4804458";"1187650";;"Susan Lucas";"0"
"1189194";"Q136371006";"nm0127194";"1189194";;"Bror Bødtker-Næss";"0"
"1189495";"Q136172890";"nm0344260";"1189495";;"John Gruber";"0"
"1192835";"Q26059369";"nm2539895";"1192835";;"Jan Haaken";"0"
"1193301";"Q57081634";"nm0959182";"1193301";;"Gábor Závody";"0"
"1194519";"Q106714399";"nm1103124";"1194519";;"Oliver Hardt";"0"
"1197475";"Q134969938";"nm0915502";"1197475";;"Sam Waymon";"0"
"1198779";"Q52412";"nm2878393";"1198779";;"Stanislav Petrov";"0"
"1201570";"Q50895238";"nm0815499";"1201570";;"Adelfa Soto";"0"
"1202629";"Q136373311";"nm3507110";"1202629";;"Andrei Zayats";"0"
"1205002";"Q136269078";"nm1375019";"1205002";;"Andrés Pepe Estrada";"0"
"1209084";"Q134437190";"nm0226100";"1209084";;"Klaus Dierig";"0"
"1210205";"Q134630903";"nm1071498";"0";;"Red Sternberg";"0"
"1213329";"Q8062373";"nm0101465";"0";;"Yvette Lee Bowser";"0"
"1214148";"Q708185";"nm1821006";"1214148";;"Riddick Bowe";"0"
"1216267";"Q7298158";"nm0828699";"1216267";;"Ray Stevens";"0"
"1217087";"Q117598965";"nm0071713";"1217087";;"Derek Bennett";"0"
"1217110";"Q4822393";"nm0807385";"1217110";;"Auriol Smith";"0"
"1217224";"Q3002075";"nm0858657";"1217224";;"Craig Thomas";"0"
"1217352";"Q5232512";"nm1051729";"1217352";;"David D. Connell";"0"
"1218302";"Q5258688";"nm0537697";"1218302";;"Dennis Main Wilson";"0"
"1220348";"Q4754854";"nm0699681";"1220348";;"Andre Ptaszynski";"0"
"1220456";"Q5235328";"nm2355384";"1220456";;"David Ian";"0"
"1220775";"Q7363602";"nm1122050";"1220775";;"Ron Carlivati";"0"
"1220784";"Q5108353";"nm2963460";"1220784";;"Chris Van Etten";"0"
"1220807";"Q5490068";"nm0884330";"1220807";;"Frank Valentini";"0"
"1221450";"Q4877367";"nm0443480";"0";;"Beau Kayser";"0"
"1223002";"Q6883918";"nm1215624";"1223002";;"Susan Miller Lazar";"0"
"1223858";"Q21997912";"nm0922103";"1223858";;"Howard West";"0"
"1224268";"Q1619714";"nm1219160";"1224268";;"Louise Rose";"0"
"1225203";"Q130681571";"nm1016595";"0";;"Andy Hay";"0"
"1226178";"Q472895";"nm1392578";"1581740";;"Alexander O'Neal";"0"
"1226384";"Q6129702";"nm0073790";"73078";;"James Berg";"0"
"1227322";"Q6736916";"nm0571820";"1227322";;"Mairead McKinley";"0"
"1227635";"Q136345656";"nm0212568";"1227635";;"Chris Deacon";"0"
"1230073";"Q1263856";"nm1667685";"0";;"Ari Fleischer";"0"
"1230278";"Q6777411";"nm0275996";"1230278";;"Marty Fields";"0"
"1231340";"Q5107694";"nm0663303";"1231340";;"Chris Parr";"0"
"1232733";"Q4762508";"nm1510137";"1232733";;"Angela McHale";"0"
"1233183";"Q6499628";"nm0748758";"1233183";;"Laurance Rudic";"0"
"1233208";"Q5239144";"nm4210191";"1233208";;"David Rocco";"0"
"1233417";"Q16196552";"nm0496757";"1233417";;"Adrian Lee";"0"
"1233558";"Q231001";"nm1736891";"0";;"Amanda Beard";"0"
"1234050";"Q130308177";"nm0578107";"1234050";;"Christie Mellor";"0"
"1234352";"Q6370132";"nm1525348";"1234352";;"Aren X. Tulchinsky";"0"
"1234605";"Q484040";"nm5062189";"1234605";;"Shin Ji";"0"
"1234842";"Q136384204";"nm0574293";"1234842";;"John McQuade";"0"
"1234899";"Q6779293";"nm2074826";"1234899";;"Mary Darling";"0"
"1234900";"Q16243903";"nm1035310";"1234900";;"Clark Donnelly";"0"
"1235443";"Q5239571";"nm0777196";"1219703";;"David Schwartz";"0"
"1238514";"Q6488544";"nm3655179";"1238514";;"Lara Goodison";"0"
"1238936";"Q5045268";"nm0886119";"1238936";;"Caroline van den Brul";"0"
"1238939";"Q5354298";"nm0160920";"1238939";;"Ellesmere Choi";"0"
"1240434";"Q3547454";"nm2796085";"1240434";;"Jon Avila";"0"
"1240804";"Q6988293";"nm8798783";"1240804";;"Neil Bhatt";"0"
"1240818";"Q6444163";"nm1334616";"1240818";;"Kunal Kumar";"0"
"1240924";"Q16222455";"nm5210097";"1240924";;"Jade Seah";"0"
"1241645";"Q8016276";"nm0361875";"1241645";;"William O. Harbach";"0"
"1241796";"Q43103571";"nm0598739";"1241796";;"Peter Montagnon";"0"
"1244384";"Q7025162";"nm1454110";"1244384";;"Nicholas Callaway";"0"
"1244941";"Q16732800";"nm2759087";"1244941";;"Jacqueline Moody";"0"
"1245101";"Q3812752";"nm3833963";"1245101";;"Song Yong-sik";"0"
"1246285";"Q434521";"nm0115249";"1246285";;"Susan Brownmiller";"0"
"1247079";"Q43379403";"nm0696895";"1247079";;"Frank Price";"0"
"1247460";"Q6436184";"nm1705461";"1247460";;"Krasimir Radkov";"0"
"1247503";"Q7611841";"nm1584127";"1247503";;"Steve Backshall";"0"
"1248327";"Q5492318";"nm1185776";"1248327";;"Franny Moyle";"0"
"1250450";"Q248021";"nm1909030";"1250450";;"Menzies Campbell";"0"
"1252097";"Q135404449";"nm1367651";"1252097";;"Debbie Nightingale";"0"
"1252819";"Q25536135";"nm1132320";"1252819";;"Gerasimos Gennatas";"0"
"1252955";"Q6362277";"nm8834004";"1252955";;"Kang Seung-hyun";"0"
"1253174";"Q28853801";"nm4268747";"1253174";;"Rory Cowan";"0"
"1255303";"Q135981009";"nm4557954";"1255303";;"Frank Kauer";"0"
"1256342";"Q6125548";"nm5265213";"1256342";;"Sergio Nakasone";"0"
"1257163";"Q4369290";"nm5139203";"1257163";;"Boris Pokrovskiy";"0"
"1257286";"Q18084450";"nm5111520";"0";;"Дena Borshch";"0"
"1257416";"Q4698718";"nm1926617";"1257416";;"Airi Taira";"0"
"1258232";"Q5259842";"nm1569160";"1258232";;"Denys Blakeway";"0"
"1258957";"Q12471703";"nm6355882";"1258957";;"Alvaro Maldini Siregar";"0"
"1258964";"Q12497094";"nm2719972";"1258964";;"Marissa Jeffryna";"0"
"1258965";"Q12481310";"nm3986631";"1258965";;"Derry Drajat";"0"
"1258971";"Q12482839";"nm5777368";"1258971";;"Febby Rastanty";"0"
"1259121";"Q12472704";"nm3509519";"1259121";;"Asrul Dahlan";"0"
"1259123";"Q20278567";"nm3474017";"1259123";;"Baron Yusuf Siregar";"0"
"1259126";"Q12475530";"nm3151641";"1259126";;"Bedu";"0"
"1259202";"Q11119915";"nm4680185";"1259202";;"Christ Laurent";"0"
"1259240";"Q11103062";"nm4131382";"1259240";;"Christy Jusung";"0"
"1259249";"Q12514096";"nm3151102";"1259249";;"Sharon Jessica";"0"
"1259311";"Q12497383";"nm1100231";"1259311";;"Mat Solar";"0"
"1259312";"Q6154785";"nm2719202";"1259312";;"Uci Bing Slamet";"0"
"1259331";"Q12482301";"nm1234229";"1259331";;"Eeng Saptahadi";"0"
"1259363";"Q5657701";"nm1294902";"1259363";;"Adi Bing Slamet";"0"
"1260168";"Q135672174";"nm3793466";"1260168";;"Giyora Yahalom";"0"
"1260448";"Q12498613";"nm3018096";"1260448";;"Mischa Chandrawinata";"0"
"1260454";"Q16175861";"nm4456737";"1260454";;"Gege Elisa";"0"
"1260904";"Q5995976";"nm4591968";"1260904";;"Marcelo Valdivieso";"0"
"1261294";"Q2443844";"nm0667641";"1161012";;"Duplikat";"0"
"1261518";"Q5939411";"nm2194924";"1261518";;"Kamand Amirsoleimani";"0"
"1267432";"Q16214935";"nm1141830";"1267432";;"David Kreizman";"0"
"1269841";"Q124000111";"nm0901678";"1269841";;"Irina Volodko";"0"
"1270416";"Q988393";"nm2722184";"1241174";;"Suvanant Kongying";"0"
"1271047";"Q4680993";"nm0322284";"1271047";;"Adda Gleason";"0"
"1271300";"Q135668559";"nm3096859";"1271300";;"Noah Johnston";"0"
"1273046";"Q111912745";"nm0914247";"1273046";;"David Watkins";"0"
"1273139";"Q131358491";"nm0589428";"1273139";;"Thomas G. Miller";"0"
"1274335";"Q95275353";"nm3890840";"1274335";;"Asan Amanov";"0"
"1274547";"Q84953561";"nm0314676";"1274547";;"Giorgos Gerontidakis";"0"
"1276999";"Q2347007";"nm0894241";"1276999";;"Luís Fernando Veríssimo";"0"
"1277574";"Q16138546";"nm3802763";"1277574";;"Pudit Choksangeam";"0"
"1278933";"Q10294767";"nm3959654";"1278933";;"Henrique Lins de Barros";"0"
"1279229";"Q12701667";"nm0044473";"1279229";;"Raja Azura";"0"
"1279439";"Q20462425";"nm4856520";"0";;"Sharifah Sakinah";"0"
"1280896";"Q21005615";"nm3374047";"0";;"Ashok Dhanuka";"0"
"1281219";"Q134932526";"nm0328370";"1281219";;"Maximiliano González";"0"
"1281783";"Q124642537";"nm1798934";"1281783";;"Monika Alwasiak";"0"
"1283356";"Q61116877";"nm9101167";"0";;"Michael Ang";"0"
"1284797";"Q12709143";"nm3614246";"1284797";;"Elly Mazlein";"0"
"1285143";"Q20452067";"nm4204438";"0";;"Usop Wilcha";"0"
"1285243";"Q126717672";"nm0042009";"1285243";;"Daniel Aukin";"0"
"1285424";"Q18204975";"nm2713006";"1139345";;"Mark Albiston";"0"
"1285601";"Q136367193";"nm1849964";"1285601";;"Damien Dufresne";"0"
"1287073";"Q106458198";"nm1280232";"1287073";;"Christopher Luscombe";"0"
"1289296";"Q6273718";"nm0907897";"52702";;"Jonathan Walker";"0"
"1290991";"Q136307704";"nm0989762";"1290991";;"Joan Peart";"0"
"1291674";"Q1163404";"nm5658397";"1291674";;"Daniela Hammer-Tugendhat";"0"
"1292606";"Q131869888";"nm3424889";"1292606";;"Olivier Touche";"0"
"1293393";"Q109051199";"nm5813286";"1293393";;"Kara Eberle";"0"
"1293932";"Q135975064";"nm5741813";"1293932";;"Dinesh Mangaluru";"0"
"1294394";"Q136350406";"nm1385954";"1294394";;"Lee Byung-hoon";"0"
"1294673";"Q717602";"nm0693620";"1294673";;"Jacques Poulin";"0"
"1295417";"Q20445094";"nm4535657";"1295417";;"Kim Jong-soo";"0"
"1295938";"Q136439020";"nm1283926";"1295938";;"Trần Thị Bích Ngọc";"0"
"1296010";"Q136130089";"nm2169749";"1296010";;"Mickey Faerch";"0"
"1296122";"Q136350588";"nm4695339";"1296122";;"Chung Dae-hoon";"0"
"1296236";"Q136396429";"nm0753192";"1296236";;"Ryck Rydon";"0"
"1297606";"Q1328290";"nm0879568";"1297606";;"Sándor Török";"0"
"1297954";"Q117037469";"nm2453011";"1297954";;"Arūnas Stoškus";"0"
"1298117";"Q136367814";"nm0223171";"1298117";;"Sri Dewi";"0"
"1299177";"Q95685409";"nm6062917";"1299177";;"Christina Emig-Könning";"0"
"1299281";"Q69697161";"nm4300257";"2482161";;"Park Min-jeong";"0"
"1301949";"Q27926908";"nm0009280";"1301949";;"Zivit Abramson";"0"
"1304067";"Q135699245";"nm0468016";"1304067";;"Narcisse Kouokam";"0"
"1304697";"Q8073601";"nm0203095";"1304697";;"Zoltán David";"0"
"1307398";"Q129293850";"nm4538068";"1307398";;"Surjith";"0"
"1308084";"Q135917870";"nm0890240";"1308084";;"Zare Vartanian";"0"
"1308085";"Q5610411";"nm0169311";"958927";;"David Cohen";"0"
"1308572";"Q104862751";"nm3366972";"1308572";;"Ana Abad Santos";"0"
"1309282";"Q6180299";"nm1339184";"113579";;"Jeong Yun-cheol";"0"
"1310966";"Q3643103";"nm5161984";"1310966";;"Bles Bridges";"0"
"1311380";"Q28861423";"nm0158652";"0";;"Jo Sun-mook";"0"
"1314860";"Q16837254";"nm5325802";"3342204";;"Jordi Roca";"0"
"1316985";"Q16547012";"nm4579785";"0";;"Simon Ostrovsky";"0"
"1318474";"Q126083577";"nm1065020";"1318474";;"Daria D'Antonio";"0"
"1321994";"Q106642298";"nm4842969";"1321994";;"Mohammad Shaker Khodeir";"0"
"1322770";"Q15065793";"nm6090956";"1322770";;"Vladislav Demin";"0"
"1323566";"Q105614253";"nm4581341";"1323566";;"Sas Goldberg";"0"
"1324340";"Q50359671";"nm5647594";"0";;"Eyad Hourani";"0"
"1325266";"Q136229751";"nm0104597";"1325266";;"Paul Brandenburg";"0"
"1329705";"Q100450654";"nm3736091";"1329705";;"Marie-Ève Milot";"0"
"1330692";"Q30082983";"nm5686622";"1330692";;"Mohamed Saïd Hafifi";"0"
"1334230";"Q55736768";"nm3718514";"1334230";;"Kim Jung-pal";"0"
"1337054";"Q131904711";"nm1841458";"1337054";;"Leili Karpa";"0"
"1337056";"Q131905818";"nm1847596";"1337056";;"Katrin Zilinska";"0"
"1337057";"Q131905836";"nm1845454";"1337057";;"Meelis Küttim";"0"
"1337060";"Q131905961";"nm1847228";"1337060";;"Helene Pihel";"0"
"1337796";"Q2898130";"nm0472942";"1337796";;"Bernard Kruysen";"0"
"1338450";"Q130527282";"nm0200028";"1338450";;"Mark Daniels";"0"
"1341971";"Q55683063";"nm0346690";"1341971";;"Robby Guichard";"0"
"1345978";"Q111607556";"nm1618065";"0";;"Vivienne Vernes";"0"
"1346146";"Q23992763";"nm0910931";"0";;"James Wang";"0"
"1349705";"Q136276696";"nm1541068";"1349705";;"Jacob Riis-Olsen";"0"
"1351346";"Q47498796";"nm0427430";"0";;"Alan Jones";"0"
"1352027";"Q136174462";"nm6419488";"1352027";;"Natasha Voya";"1"
"1354052";"Q470000";"nm1502476";"1354052";;"Gitte Seeberg";"0"
"1354053";"Q491263";"nm1475106";"1354053";;"Anders Samuelsen";"0"
"1356494";"Q132244171";"nm1428720";"1356494";;"Fernando Iglesias";"0"
"1356690";"Q133269688";"nm0578572";"1356690";;"Asdrúbal Meléndez";"0"
"1360374";"Q136434666";"nm3340681";"1360374";;"Diandra Lyle";"0"
"1363537";"Q132670608";"nm1682133";"1363537";;"Gregg Telussa";"0"
"1364801";"Q113805644";"nm0052193";"0";;"Kevin Banks";"0"
"1365382";"Q133895845";"nm6765973";"1365382";;"Cristiana Mainardi";"0"
"1366358";"Q23815354";"nm0172258";"1366358";;"David Collins";"0"
"1366987";"Q95713047";"nm0699598";"1366987";;"Tini Prüfert";"0"
"1367569";"Q112973444";"nm0811839";"0";;"James Sobol Kelly";"0"
"1372115";"Q19593662";"nm0179901";"1372115";;"Malcolm Cork";"0"
"1374601";"Q9001158";"nm0481694";"1338553";;"Newton Lai Hon-Chi";"0"
"1377497";"Q95230016";"nm2818145";"1377497";;"Marcel Stucki";"0"
"1377934";"Q4891513";"nm0163470";"1377934";;"Noel Clarasó";"0"
"1380196";"Q131341207";"nm1365709";"1380196";;"Andrew Walton";"0"
"1380346";"Q63413348";"nm0132367";"1380346";;"David Campbell";"0"
"1384592";"Q134373542";"nm1125312";"1384592";;"İnci Birol";"0"
"1385689";"Q131340864";"nm1885534";"1385689";;"Samar Khan";"0"
"1389199";"Q95135630";"nm0854347";"1389199";;"John Telfer";"0"
"1390201";"Q16197336";"nm3964891";"0";;"Jon Anik";"0"
"1390302";"Q48644070";"nm3260884";"1390302";;"Pushpakath Geethanandhan";"0"
"1391625";"Q114904733";"nm1505381";"0";;"Nicole Gomez Fisher";"0"
"1392204";"Q112501830";"nm0924353";"1392204";;"Jeffrey R. Whitcher";"0"
"1392268";"Q5942570";"nm0402192";"1392268";;"Hung Huang";"0"
"1392732";"Q10330446";"nm0141407";"1392732";;"Mino Carta";"0"
"1393096";"Q97453460";"nm6278806";"1393096";;"Azadeh Moussavi";"0"
"1396845";"Q136087886";"nm1303450";"2090332";;"Matt Brown";"0"
"1396887";"Q3376724";"nm5368317";"1396887";;"Jerome A. Cohen";"0"
"1401387";"Q136379910";"nm2662763";"1401387";;"Sara Jane Sherman";"0"
"1402257";"Q95789942";"nm1429668";"2361592";;"Jaroslav Vaculík";"0"
"1404362";"Q18647293";"nm0617995";"225915";;"Paul Møller";"0"
"1407949";"Q136375017";"nm4339881";"1407949";;"Salsano Rrapi";"0"
"1418612";"Q4321483";"nm0632554";"1418612";;"Boris Nirenburg";"0"
"1422898";"Q135274419";"nm4102273";"1422898";;"Jacob Sampson";"0"
"1424894";"Q116970205";"nm0295518";"1424894";;"Camille Friend";"0"
"1425954";"Q3158417";"nm0116178";"0";;"Jacques Brunet";"0"
"1434524";"Q94644256";"nm0626787";"1434524";;"Friedrich Neubauer";"0"
"1434620";"Q136373470";"nm0835139";"1434620";;"Clarence Stroud";"0"
"1434996";"Q131358492";"nm6481916";"1434996";;"Brian Ivie";"0"
"1435165";"Q136221693";"nm1180614";"1435165";;"David Mitchell";"0"
"1438840";"Q66088078";"nm4552557";"1438840";;"Ilaria Macchia";"0"
"1439500";"Q110226822";"nm0645114";"1439500";;"Kip Ohman";"0"
"1440007";"Q133837405";"nm3006351";"1440007";;"Kristóf Becsey";"0"
"1440712";"Q106637689";"nm0149498";"0";;"Maureen Chadwick";"0"
"1443395";"Q136371023";"nm0127195";"1443395";;"Katinka Bødtker-Næss";"0"
"1444273";"Q132035423";"nm1271549";"1444273";;"Merlin Crossingham";"0"
"1448937";"Q109501443";"nm0763530";"1448937";;"Sophia Santi";"0"
"1452391";"Q6811310";"nm3346060";"1452391";;"Melanie Marnich";"0"
"1452779";"Q135233130";"nm7947275";"1452779";;"Shobhita Rana";"0"
"1457279";"Q10325966";"nm0482352";"1457279";;"Maria Lalande";"0"
"1459977";"Q132675149";"nm4322974";"1459977";;"Emma Higgins";"0"
"1463865";"Q22278569";"nm5253194";"0";;"Elliot Kerley";"0"
"1465426";"Q136297811";"nm0367055";"1465426";;"Brit Hartmann";"0"
"1466575";"Q136433438";"nm5420029";"1466575";;"Arvind Kashyap";"0"
"1470291";"Q136334293";"nm0025795";"1470291";;"Jean-Philippe Ancelle";"0"
"1471448";"Q134834471";"nm0462090";"1471448";;"Mina Kolb";"0"
"1476274";"Q131340945";"nm1395674";"1476274";;"Pablo Ortega";"0"
"1478495";"Q132474234";"nm0330482";"0";;"Nick Gordon";"0"
"1479878";"Q547039";"nm2406693";"1479878";;"Simon Schaffer";"0"
"1481294";"Q131359894";"nm1573447";"1481294";;"Trisha Mann";"0"
"1489004";"Q16264709";"nm6296785";"1489004";;"Yoshihiro Osugi";"0"
"1491642";"Q1901715";"nm0679430";"1491642";;"Markus Pfeiffer";"0"
"1495242";"Q133775572";"nm1205167";"1495242";;"Bill Teck";"0"
"1495378";"Q5040937";"nm1697868";"1495378";;"Carl Warwick";"0"
"1496026";"Q19664222";"nm0809727";"1496026";;"Rob Smith";"0"
"1499092";"Q95747178";"nm0936024";"1499092";;"Michaela Winterstein";"0"
"1499255";"Q136031850";"nm5861717";"1499255";;"CJ Santos";"0"
"1499528";"Q22696303";"nm0592066";"1499528";;"Carlos Miranda";"0"
"1500418";"Q131401807";"nm0313971";"1500418";;"Mark Gerard";"0"
"1501120";"Q120696858";"nm4413080";"1501120";;"Min Kim";"0"
"1502661";"Q121278378";"nm0576578";"1502661";;"Simi Mehta";"0"
"1507691";"Q6836729";"nm0213732";"1507691";;"Michele DeCesare";"0"
"1509802";"Q312529";"nm0557504";"1509802";;"Luis Masson";"0"
"1510024";"Q128780711";"nm1913803";"1510024";;"Raphael Fernandez";"0"
"1511127";"Q63346974";"nm2272272";"1511127";;"Maya Washington";"0"
"1512026";"Q10325571";"nm1655556";"1512026";;"Rana Azadivar";"0"
"1519998";"Q136440545";"nm3794187";"1519998";;"Troy Romzek";"0"
"1520681";"Q136430438";"nm2390044";"1520681";;"Candy Strong";"1"
"1533990";"Q97206506";"nm3601734";"0";;"Yiğit Kirazcı";"0"
"1536006";"Q131406880";"nm0809252";"1536006";;"Martin Smith";"0"
"1536479";"Q97198739";"nm0894117";"1536479";;"Rade Vergović";"0"
"1537196";"Q47504812";"nm0547166";"1537196";;"Miodrag Mirić";"0"
"1537729";"Q135412753";"nm0764972";"1537729";;"Cosmo Sardo";"0"
"1538354";"Q56635670";"nm6593441";"1538354";;"Masen Davis";"0"
"1539282";"Q6780239";"nm3200062";"1539282";;"Mary Mapes";"0"
"1540567";"Q126974148";"nm0901533";"1540567";;"Vyacheslav Volkov";"0"
"1542498";"Q108374730";"nm2894248";"1542498";;"Susan Bridges";"0"
"1542879";"Q135907076";"nm5132341";"1542879";;"Marisela Zumbado";"0"
"1544412";"Q131869844";"nm2145942";"0";;"Guadalupe Cassius";"0"
"1545388";"Q17986798";"nm0903931";"0";;"Voytek";"0"
"1547860";"Q3177299";"nm0052508";"0";;"Jeremy Banster";"0"
"1553196";"Q16213093";"nm5153692";"0";;"Jerome Ponce";"0"
"1555339";"Q75379488";"nm0194444";"0";;"Lukia Czernin";"0"
"1558236";"Q11835782";"nm2363321";"997691";;"Mercedes Le Anza";"0"
"1560405";"Q134738141";"nm0881527";"1560405";;"Sally-Anne Upton";"0"
"1561275";"Q58443228";"nm2923159";"1561275";;"Mary Sohn";"0"
"1563493";"Q6260373";"nm0852627";"1192070";;"John Taylor";"0"
"1564794";"Q489010";"nm7120920";"0";;"Kan Mi-youn";"0"
"1569678";"Q3712337";"nm4749445";"1569678";;"Dmitri Tcherniakov";"0"
"1569764";"Q136206974";"nm1339152";"1569764";;"Marek Janda";"0"
"1573946";"Q131428879";"nm0680522";"1573946";;"John Michael Phillips";"0"
"1583915";"Q131621193";"nm0209232";"1583915";;"Jaqueline De La Fontaine";"0"
"1587623";"Q136088573";"nm7761751";"0";;"Dominic Arun";"0"
"1588293";"Q136290937";"nm0463103";"1588293";;"Pavel Kogan";"0"
"1589316";"Q3025661";"nm0670366";"0";;"Wim Peeters";"0"
"1590389";"Q4014932";"nm1578876";"936486";;"Vitale De Stefano";"0"
"1596271";"Q131922886";"nm3947216";"1596271";;"Harrison Xu";"0"
"1596448";"Q131863894";"nm1857896";"0";;"Mart Must";"0"
"1601722";"Q4152670";"nm0348856";"0";;"Vladimir Gusev";"0"
"1601906";"Q130288281";"nm2562304";"1601906";;"Trong Hai";"0"
"1608605";"Q19665296";"nm5205788";"0";;"Dhanish Karthik";"0"
"1611368";"Q136387095";"nm7015785";"1611368";;"Anatoliy Bykov";"0"
"1611614";"Q24640139";"nm2847100";"0";;"Tiffany Hsiung";"0"
"1616080";"Q5173207";"nm0006607";"1616080";;"Cort McCown";"1"
"1620913";"Q131341806";"nm3552288";"1620913";;"Matt Myers";"0"
"1621280";"Q1790945";"nm2017865";"0";;"Emilio Santiago";"0"
"1621722";"Q12618867";"nm5062311";"1621722";;"Chun Myung-hoon";"0"
"1622192";"Q128799454";"nm3050599";"1622192";;"Ossama Bawardi";"0"
"1624298";"Q136402549";"nm5257392";"1624298";;"Fernanda Sasse";"0"
"1628107";"Q135799688";"nm6870050";"0";;"Hunter Deno";"0"
"1635158";"Q122818814";"nm7349240";"0";;"Christopher Beanland";"0"
"1636362";"Q4875764";"nm0942950";"0";;"Tim Wrightman";"0"
"1636977";"Q4216786";"nm2853983";"1636977";;"Oleg Kassin";"0"
"1637482";"Q3018594";"nm6590644";"1637482";;"David Briggs";"0"
"1644239";"Q133810975";"nm1507881";"1644239";;"Manuel Guillot";"0"
"1648757";"Q6808742";"nm3304926";"1648757";;"Megan Sikora";"0"
"1649501";"Q15913194";"nm8235402";"0";;"Nini Ou-Yang";"0"
"1651922";"Q126082991";"nm3696750";"1651922";;"Jess Fuerst";"0"
"1653241";"Q47508165";"nm0133167";"1653241";;"Daniel Campomenosi";"0"
"1656382";"Q136048073";"nm0736814";"1656382";;"Danny Rogers";"0"
"1657443";"Q95301425";"nm0109460";"1657443";;"Christian Brincourt";"0"
"1657611";"Q119633488";"nm5001826";"1657611";;"Zoe Stein";"0"
"1658177";"Q116593232";"nm2997779";"0";;"Samm Wiechec";"0"
"1659869";"Q134489105";"nm0790515";"1659869";;"Billy Shebar";"0"
"1673348";"Q1683478";"nm0732715";"1077412";;"Jared Robinsen";"0"
"1673382";"Q2284471";"nm4783111";"1673382";;"Sierra Hull";"0"
"1675037";"Q114778333";"nm0829519";"0";;"John Stewart";"0"
"1675263";"Q117885588";"nm1140687";"0";;"Aleksey Alekseev";"0"
"1676466";"Q135400236";"nm4410287";"1676466";;"Ani I. V. Sasi";"0"
"1679767";"Q104639082";"nm5982137";"0";;"Quyên Nguyen-Le";"0"
"1680898";"Q5428208";"nm3722959";"0";;"Josh Ostrovsky";"0"
"1682539";"Q136418951";"nm1008050";"1682539";;"Roderick A. Santiano";"0"
"1684743";"Q27957350";"nm6595574";"0";;"Brandon Moreno";"0"
"1688870";"Q117209777";"nm2885977";"0";;"Rebecca Steele";"0"
"1691597";"Q131994735";"nm1463201";"1691597";;"Zuzana Drdacka";"0"
"1698089";"Q54579236";"nm0867311";"1698089";;"Tonico";"0"
"1698090";"Q54579277";"nm0864030";"1698090";;"Tinoco";"0"
"1703373";"Q12606289";"nm9379686";"1703373";;"Yang Se-chan";"0"
"1707012";"Q56260139";"nm2004866";"0";;"Andy Delaney";"0"
"1708407";"Q105821317";"nm9352095";"0";;"Irati Gorostidi";"0"
"1709416";"Q63272832";"nm0247097";"103193";;"Jeff Eagle";"0"
"1710469";"Q12606290";"nm9592413";"1710469";;"Yang Se-hyung";"0"
"1711214";"Q28031807";"nm0002719";"0";;"Vincent Lascoumes";"0"
"1713130";"Q131340926";"nm0171241";"1713130";;"Tony Coleman";"0"
"1713218";"Q5577171";"nm0523585";"1713218";;"José Luis Lozano";"0"
"1715887";"Q134571998";"nm6436861";"1715887";;"Alex Krul";"0"
"1717589";"Q95886590";"nm0773440";"0";;"Martin Hans Schmitt";"0"
"1720520";"Q1108478";"nm8627332";"1720520";;"Colin Gäbel";"0"
"1724151";"Q1066383";"nm0128258";"0";;"Charles Wakefield Cadman";"0"
"1724551";"Q136108099";"nm9055029";"1724551";;"April Dawn";"1"
"1724719";"Q131860296";"nm1161812";"1724719";;"Samy Bardet";"0"
"1728296";"Q2381353";"nm0847042";"60757";;"Yumi Takada";"0"
"1728654";"Q134484390";"nm0725302";"0";;"Kerstin Richter";"0"
"1731217";"Q125174872";"nm2086965";"1731217";;"Jackie Chung";"0"
"1731695";"Q16205491";"nm0178303";"0";;"Peter James Cooper";"0"
"1736590";"Q3538721";"nm4119022";"0";;"Sietske van der Bijl";"0"
"1738504";"Q16084047";"nm9494650";"1738504";;"Cho Lee-hyeon";"0"
"1740318";"Q136385997";"nm6145634";"0";;"Shereen Cutkelvin";"0"
"1740662";"Q136436838";"nm3180549";"1740662";;"Ryan Grassmeyer";"0"
"1741003";"Q134375542";"nm1217311";"0";;"Peter Mishara";"0"
"1741442";"Q96314931";"nm0233768";"0";;"John Dorman";"0"
"1744060";"Q111650228";"nm8176068";"1744060";;"Neha Shetty";"0"
"1745270";"Q105719288";"nm0140915";"1745270";;"Marcelle Carroll";"0"
"1749866";"Q115248990";"nm2305308";"0";;"Susannah Mars";"0"
"1756047";"Q946383";"nm2615463";"1756047";;"Roland Pidoux";"0"
"1756528";"Q55723129";"nm4991788";"0";;"Christian R. Page";"0"
"1759543";"Q3757108";"nm0761137";"1759543";;"Vittorio Sancisi";"0"
"1764557";"Q136085697";"nm6686074";"1764557";;"Jeremy Culhane";"0"
"1765507";"Q15524998";"nm0236392";"3891646";;"John Doyle";"0"
"1768209";"Q18636830";"nm2051096";"0";;"Álvaro Carmona";"0"
"1770718";"Q24577506";"nm5330130";"1770718";;"Katrina Lindsay";"0"
"1774655";"Q109859416";"nm0362832";"0";;"Walter Benjamin Hare";"0"
"1779753";"Q131361108";"nm4537580";"1779753";;"Richard Bond";"0"
"1790710";"Q131922884";"nm5461686";"0";;"Ivan Leung";"0"
"1791548";"Q2830587";"nm5323470";"0";;"Alan Simon";"0"
"1791656";"Q1895317";"nm0034469";"0";;"Rod Argent";"0"
"1797176";"Q20054849";"nm1823242";"1797176";;"Bouchra Khalili";"0"
"1797637";"Q135660740";"nm5122514";"0";;"Mimi Kirkland";"0"
"1799921";"Q16019830";"nm0918932";"0";;"Bryon Weiss";"0"
"1800616";"Q135466660";"nm0910277";"0";;"Jules Walters";"0"
"1805225";"Q134707713";"nm3227763";"1805225";;"Peter Dreimanis";"0"
"1806424";"Q12611431";"nm0497871";"3786245";;"Lee Mi-young";"0"
"1809108";"Q3341002";"nm1927176";"0";;"Nicole Avril";"0"
"1809328";"Q123457973";"nm3826966";"1809328";;"Crystal Hayslett";"0"
"1809756";"Q5606182";"nm7618254";"0";;"Greg Reeves";"0"
"1814037";"Q6847579";"nm0475211";"0";;"Mike Kunkel";"0"
"1822751";"Q28411033";"nm17355815";"1822751";;"Xu Dongdong";"0"
"1824218";"Q131379473";"nm4967820";"1824218";;"Pouria Heidary Oureh";"0"
"1826952";"Q135404723";"nm0540099";"1826952";;"Wayne Mallory";"0"
"1828197";"Q128794255";"nm1340312";"1828197";;"Constancio de Guzman";"0"
"1829397";"Q22811325";"nm0180291";"0";;"Sharon Cornell";"0"
"1829589";"Q12251131";"nm8208401";"0";;"Wafaa Mekki";"0"
"1832271";"Q1233824";"nm0604280";"0";;"Konstantin Moreth";"0"
"1832528";"Q95862720";"nm0937828";"0";;"Klaus B. Wolf";"0"
"1841660";"Q1383394";"nm5621145";"1841660";;"Malte Welding";"0"
"1847527";"Q56450429";"nm12018974";"1847527";;"Daler Yusuf";"0"
"1850881";"Q136298538";"nm8601518";"0";;"Sophie Robertson";"0"
"1858262";"Q55730032";"nm13150963";"0";;"Park Young-woon";"0"
"1869461";"Q6174389";"nm2247147";"0";;"Jeff Lowe";"0"
"1876133";"Q104121640";"nm8766076";"1876133";;"Adam Ekeli";"0"
"1878152";"Q104831775";"nm3867366";"0";;"Ivan Bradara";"0"
"1878982";"Q136350952";"nm0043765";"1878982";;"Catherine Ayers";"0"
"1880564";"Q113329057";"nm5369588";"0";;"Lisa Uhlen Ryssevik";"0"
"1885318";"Q136351722";"nm7890800";"1885318";;"Barton Fitzpatrick";"0"
"1894614";"Q62015341";"nm6420135";"1894614";;"Mahdi Golestane";"0"
"1897538";"Q116940538";"nm0506199";"1897538";;"Vladimir Levitskiy";"0"
"1901835";"Q112452684";"nm1085551";"1901835";;"Kristina Hanzalová";"0"
"1905128";"Q136349264";"nm1527652";"0";;"Tilly Gaunt";"0"
"1905185";"Q6660160";"nm4768327";"1905185";;"Liz Goldwyn";"0"
"1910617";"Q118780177";"nm7595796";"1910617";;"Freya Kreutzkam";"0"
"1911907";"Q136248081";"nm1025200";"1911907";;"Jill Shackner";"0"
"1913920";"Q11531280";"nm8412510";"1285657";;"Hana Matsumoto";"0"
"1924786";"Q136222401";"nm0584138";"1924786";;"Jeffrey Michael";"0"
"1926723";"Q998792";"nm2285942";"0";;"Andrew Feldmar";"0"
"1931080";"Q116979506";"nm9274401";"1931080";;"Estella Bathory";"1"
"1942032";"Q112988198";"nm0875530";"1942032";;"Mikhail Tsybasov";"0"
"1944153";"Q17351932";"nm1062259";"1944153";;"Shawn Fonteno";"0"
"1944220";"Q134776038";"nm0541882";"1944220";;"Pierre Mandrin";"0"
"1947872";"Q135411214";"nm2249176";"1947872";;"Skip Brittenham";"0"
"1952212";"Q93836757";"nm2823641";"0";;"Andrey Kolpin";"0"
"1952224";"Q46051654";"nm6950929";"0";;"Davide Campagna";"0"
"1953457";"Q136186268";"nm0466390";"1953457";;"Richard Korn";"0"
"1954877";"Q108330034";"nm6419649";"0";;"Ehsan Vaseghi";"0"
"1955804";"Q131377726";"nm8469896";"1955804";;"Elizabeth Bischof";"0"
"1963396";"Q133302653";"nm2071997";"1963396";;"Kostas Stavrinoudakis";"0"
"1970360";"Q136394265";"nm8147905";"1970360";;"Tristan Riggs";"0"
"1985873";"Q133837406";"nm6210812";"0";;"Zsófia Tasnádi";"0"
"1992092";"Q17362678";"nm0399076";"0";;"Ray Wong Chi-Wai";"0"
"1993205";"Q20687438";"nm7973284";"1993205";;"Hazal Türesan";"0"
"1996862";"Q26899530";"nm3328284";"0";;"Jérôme Clément-Wilz";"0"
"2001520";"Q136231930";"nm1560664";"2001520";;"Ivana Stejskalová";"0"
"2003514";"Q136376033";"nm5381748";"2003514";;"Derek Ocampo";"0"
"2004903";"Q99476615";"nm9592084";"2004903";;"Serkay Tütüncü";"0"
"2011270";"Q25450930";"nm5948666";"0";;"Karoliina Niskanen";"0"
"2015557";"Q126811438";"nm3049312";"2015557";;"Donisha Rita Claire Prendergast";"0"
"2024028";"Q1593921";"nm8377617";"2024028";;"Helen Maroulis";"0"
"2025257";"Q2365511";"nm7324514";"2025257";;"Aleksandr Kabakov";"0"
"2028038";"Q134273642";"nm4850896";"2028038";;"Will Seefried";"0"
"2029276";"Q100856580";"nm2691063";"0";;"Nathanjohn Carter";"0"
"2031963";"Q136334068";"nm5613849";"0";;"Jasmine Batchelor";"0"
"2034706";"Q135916468";"nm10507122";"2034706";;"Egor Troyanovsky";"0"
"2036408";"Q720749";"nm2511004";"0";;"Gabriele Amorth";"0"
"2038693";"Q136394049";"nm9688684";"2038693";;"Kuldeep Gor";"0"
"2038891";"Q16940913";"nm8552430";"0";;"Raphael Montes";"0"
"2042557";"Q3085387";"nm7038195";"2042557";;"François Molins";"0"
"2044964";"Q64783414";"nm0032823";"0";;"Kouichi Arai";"0"
"2048465";"Q7295170";"nm0619841";"1350956";;"Rasoul Najafian";"0"
"2049456";"Q117863836";"nm7497452";"0";;"Saila Kariat";"0"
"2054007";"Q81375032";"nm2747486";"2054007";;"Alena Surzhikova";"0"
"2058679";"Q116210232";"nm9961115";"2058679";;"Abraham Wapler";"0"
"2058959";"Q136326894";"nm2246337";"2058959";;"Ali Akbar Erfani";"0"
"2060015";"Q16173589";"nm5690165";"2060015";;"Kim Dan-yul";"0"
"2068825";"Q133302213";"nm0500848";"2068825";;"Marika Lekaki";"0"
"2069639";"Q72280164";"nm2937248";"2069639";;"Chris Sandiford";"0"
"2077725";"Q90931427";"nm0201492";"2077725";;"Toni Darnay";"0"
"2081335";"Q130343338";"nm3051272";"2081335";;"Judith Georgi";"0"
"2089666";"Q135106678";"nm2520680";"2089666";;"Alina Grey";"1"
"2094053";"Q5817598";"nm4097355";"2094053";;"Michael Hurley";"0"
"2100307";"Q10289527";"nm0317939";"0";;"Gilbert Stein";"0"
"2104200";"Q135778184";"nm5765181";"2104200";;"Macey Chipping";"0"
"2105209";"Q6039208";"nm3520159";"2105209";;"Aydan Taş";"0"
"2105214";"Q116587752";"nm3532880";"0";;"Burcu Gönder";"0"
"2109877";"Q99593799";"nm3044308";"0";;"Dave 1";"0"
"2110960";"Q21091984";"nm0904491";"2110960";;"Antonina Vvedenskaya";"0"
"2112010";"Q136268988";"nm8842905";"2112010";;"Sandy";"0"
"2112739";"Q130259094";"nm8581222";"0";;"Dara Hayayee";"0"
"2115460";"Q270546";"nm1808224";"1243163";;"Gloria Jones";"0"
"2116049";"Q3525336";"nm3300127";"2116049";;"Thomas Legrand";"0"
"2134573";"Q42331333";"nm12908835";"0";;"Nour Ehab";"0"
"2139016";"Q52191446";"nm7792623";"1758876";;"Caroline Sweet";"1"
"2147303";"Q4661814";"nm0041790";"0";;"Aaron Augenblick";"0"
"2151704";"Q134507282";"nm11609909";"2151704";;"Zhang Xiaowan";"0"
"2156485";"Q30945061";"nm10589733";"0";;"Tong Xinzhu";"0"
"2162217";"Q11781839";"nm1593487";"2162217";;"Mirosław Kropielnicki";"0"
"2170070";"Q3380525";"nm1335307";"2170070";;"Philippe Petit-Roulet";"0"
"2171041";"Q136248379";"nm5474773";"2171041";;"Kane Turna";"1"
"2173817";"Q136311743";"nm7261746";"0";;"Justyna Mytnik";"0"
"2187208";"Q135982304";"nm4493780";"2187208";;"Yaniv Linton";"0"
"2188953";"Q28713759";"nm6971033";"2188953";;"Behrouz Nooranipour";"0"
"2190631";"Q136340137";"nm7355374";"2190631";;"Luke Manning";"0"
"2199607";"Q103053589";"nm8604916";"0";;"Julian Edwards";"0"
"2209292";"Q94131316";"nm9855808";"0";;"Haarsh Limbachiyaa";"0"
"2210035";"Q128153982";"nm3598161";"0";;"Shai Matheson";"0"
"2210319";"Q136373497";"nm0566415";"2210319";;"Ann McCormack";"0"
"2212774";"Q1335382";"nm5211504";"0";;"Stanley G. Payne";"0"
"2224432";"Q131557722";"nm4684153";"0";;"Pei-Ju Hsieh";"0"
"2234019";"Q16151012";"nm4587088";"2234019";;"Jordan Banjo";"0"
"2243887";"Q131869880";"nm0728486";"2243887";;"David Rit";"0"
"2244444";"Q123745594";"nm2449595";"2244444";;"James Mogul";"1"
"2244529";"Q131403512";"nm9691641";"2244529";;"Patrick O'Neill";"0"
"2252495";"Q11383814";"nm1448766";"0";;"Osamu Sato";"0"
"2253459";"Q136204000";"nm6309467";"2253459";;"Martin Bobb-Semple";"0"
"2259839";"Q136171344";"nm1900951";"2259839";;"Miguel Ángel Martínez";"0"
"2260416";"Q56825120";"nm11843923";"0";;"Jin So-yeon";"0"
"2261856";"Q131869857";"nm1780929";"0";;"Rémi Daru";"0"
"2267288";"Q2347804";"nm0726910";"0";;"Gerardjan Rijnders";"0"
"2268398";"Q136436917";"nm0629390";"2268398";;"Hassan Nicholas";"0"
"2268629";"Q61118023";"nm10509893";"2268629";;"Nannaphas Loetnamchoetsakun";"0"
"2272554";"Q136108770";"nm9373545";"2272554";;"Dakota Rain";"1"
"2273609";"Q133337036";"nm1974233";"2273609";;"Isabel Davis";"0"
"2279745";"Q136307355";"nm0311735";"2279745";;"Shalva Gegelashvili";"0"
"2280315";"Q125096537";"nm1573468";"0";;"Clément Marchand";"0"
"2282527";"Q125887867";"nm3632124";"2282527";;"Alvaro Correia";"0"
"2282593";"Q2622860";"nm0962414";"0";;"Alvin Stoller";"0"
"2298967";"Q130760296";"nm1175077";"0";;"Andrijana Boškoska Batič";"0"
"2306833";"Q115494786";"nm1142327";"2306833";;"Konstantin Pakhomov";"0"
"2306995";"Q1552984";"nm0907095";"0";;"Matthias Walden";"0"
"2310639";"Q16051840";"nm2884145";"1265707";;"Amir Nouri";"0"
"2314724";"Q134999619";"nm10372064";"0";;"Li Haofang";"0"
"2314725";"Q134999650";"nm8331908";"2314725";;"Cindy Yao";"0"
"2316886";"Q30946269";"nm7226382";"3635685";;"Yixiao Wen";"0"
"2317307";"Q135918444";"nm10180973";"2317307";;"Hanako Greensmith";"0"
"2347885";"Q136140844";"nm0331476";"0";;"Dmitriy Goshev";"0"
"2353434";"Q130805513";"nm7919330";"2353434";;"Lindsey Normington";"0"
"2356300";"Q135550769";"nm9869692";"2356300";;"Park Sye-young";"0"
"2358032";"Q24464023";"nm6411959";"0";;"Anne-Marie Waldeck";"0"
"2368850";"Q21122374";"nm0451175";"0";;"Aryan Khan";"0"
"2372448";"Q135495926";"nm6084602";"0";;"Idalia Valles";"0"
"2373936";"Q136337644";"nm3143718";"2373936";;"Alyona Sozinova";"0"
"2394182";"Q25426521";"nm6735154";"2394182";;"Nader Tarighat";"0"
"2399838";"Q100718520";"nm7429290";"0";;"Nad Abdoolakhan";"0"
"2414068";"Q105695114";"nm5787008";"0";;"King Epicleus";"1"
"2415593";"Q165126";"nm5517250";"2415593";;"Jiří Pernes";"0"
"2422424";"Q20067523";"nm10521366";"2422424";;"Nikita Kiosse";"0"
"2424162";"Q31194494";"nm10521364";"2424162";;"Anatoliy Tsoi";"0"
"2435497";"Q3196312";"nm2074723";"1457929";;"Kiarash Anvari";"0"
"2435807";"Q493566";"nm3834775";"0";;"Park Geon-il";"0"
"2440500";"Q131372847";"nm0809229";"2440500";;"Mark Smith";"0"
"2441844";"Q126974553";"nm3296627";"2441844";;"Lee Ran-hee";"0"
"2446029";"Q113562695";"nm5240027";"0";;"Jocelyn Macnab";"0"
"2449564";"Q1644783";"nm0017697";"0";;"Ronnie Aldrich";"0"
"2454154";"Q16730565";"nm0437802";"198612";;"Ellie Kanner";"0"
"2455006";"Q2223090";"nm3494809";"2455006";;"Tomio Okamura";"0"
"2455521";"Q50825801";"nm6531316";"0";;"Jill Twiss";"0"
"2462769";"Q12872064";"nm2536514";"0";;"Angelos Grimanis";"0"
"2472584";"Q136401096";"nm3574449";"2472584";;"Diany Rodriguez";"0"
"2475888";"Q110265183";"nm7517116";"0";;"Felix Nordh";"0"
"2476882";"Q6063755";"nm2906353";"2476882";;"Oya Okar";"0"
"2476955";"Q111512418";"nm6289923";"0";;"Tora Christine Dietrichson";"0"
"2478022";"Q64869165";"nm3213376";"4148040";;"Pavlos Kourtidis";"0"
"2482105";"Q131933799";"nm7179986";"2482105";;"Petra Vencelidesová";"0"
"2487186";"Q135680757";"nm7644326";"2487186";;"Tisha Custodio";"0"
"2489025";"Q95753372";"nm9191166";"2489025";;"Jessica Rust";"0"
"2489738";"Q134268595";"nm9686439";"0";;"Abhishek Chauhan";"0"
"2491497";"Q119458840";"nm9924374";"0";;"Mina Juni Stenebråten";"0"
"2504726";"Q17991403";"nm1193114";"1722124";;"Hiroshi Kobayashi";"0"
"2514025";"Q292458";"nm7183962";"2514025";;"Marion Maréchal";"0"
"2514314";"Q125490423";"nm5266794";"2514314";;"Lara Wolf";"0"
"2516502";"Q133703298";"nm1741758";"0";;"Amir Babayoff";"0"
"2520031";"Q136236885";"nm2509864";"0";;"Ramin Poor Iman";"0"
"2525632";"Q107641321";"nm5483465";"2525632";;"Martin Kuba";"0"
"2533569";"Q17159916";"nm2629022";"0";;"Hideki Sugiguchi";"0"
"2537658";"Q135688745";"nm9100937";"2537658";;"Sofia Nolan";"0"
"2540340";"Q5229972";"nm0852212";"2540340";;"Dave Taylor";"0"
"2547617";"Q136091990";"nm6967999";"0";;"Jordan Preston Carter";"0"
"2556470";"Q134930861";"nm1449428";"2556470";;"Henrik Burman";"0"
"2562302";"Q134909205";"nm10238067";"2562302";;"Darrell Deeps";"1"
"2567759";"Q132715866";"nm11344362";"2567759";;"Mohammad Seddighimehr";"0"
"2578259";"Q26260415";"nm2566839";"2578259";;"Jannik Endemann";"0"
"2590240";"Q64009240";"nm10445809";"2590240";;"Shreyas Manju";"0"
"2600142";"Q85992452";"nm14090809";"2600142";;"Pie Rinrada Kaewbuasai";"0"
"2603392";"Q135923669";"nm6346729";"2603392";;"Jonida Vokshi";"0"
"2608434";"Q136385033";"nm11745902";"2608434";;"Phusanu Wongsavanischakorn";"0"
"2615799";"Q19935856";"nm0957501";"0";;"Peter Zobec";"0"
"2621397";"Q136325266";"nm2929237";"0";;"Brad Everett Young";"0"
"2649373";"Q106478462";"nm10688602";"2649373";;"Kanyarat Ruangrung";"0"
"2658123";"Q131299005";"nm8771611";"2658123";;"Anna Karolin Berger";"0"
"2658402";"Q136085691";"nm6024291";"0";;"Rachel Stubington";"0"
"2670401";"Q82351784";"nm8657728";"0";;"Luis Lüps";"0"
"2670837";"Q100567869";"nm4227556";"0";;"Thomas Besson";"0"
"2681210";"Q136398816";"nm6810309";"0";;"Marcus D. Stimac";"0"
"2701352";"Q251388";"nm0950980";"2701352";;"Álvaro Yunque";"0"
"2705566";"Q117089809";"nm9857401";"2705566";;"Sophia Hammons";"0"
"2711087";"Q70204294";"nm6382656";"2261789";;"Mahmoud Reda";"0"
"2712027";"Q35786";"nm4177130";"2712027";;"Petr Nečas";"0"
"2718089";"Q80112511";"nm5719661";"2718089";;"Jowee Omicil";"0"
"2722487";"Q97370339";"nm7984912";"0";;"Marcin Stępniak";"0"
"2724514";"Q136165378";"nm11847854";"0";;"Owen Painter";"0"
"2742313";"Q136432832";"nm10812514";"2742313";;"Megi Pojani";"0"
"2750315";"Q48785323";"nm0362589";"0";;"Betty Hardy";"0"
"2755505";"Q135997422";"nm13084564";"0";;"Femina George";"0"
"2759691";"Q136436804";"nm10899714";"2759691";;"Natalia Coronado";"0"
"2796326";"Q16223817";"nm2967163";"0";;"James Morgan";"0"
"2807768";"Q96626820";"nm10835147";"2807768";;"Charlie Pee";"0"
"2807995";"Q472547";"nm1197505";"2807995";;"David H. Souter";"0"
"2812353";"Q5429553";"nm1248962";"1302988";;"Fahimeh Rastkar";"0"
"2829122";"Q16262629";"nm2955255";"1044943";;"Yoon Sung-ho";"0"
"2830353";"Q132195878";"nm8498462";"2830353";;"Masoud Delkhah";"0"
"2830855";"Q111376764";"nm0491189";"0";;"Barbara Laurenson";"0"
"2832565";"Q4714218";"nm1719341";"0";;"Alec Monteath";"0"
"2833097";"Q112144311";"nm10944033";"0";;"Johan Nilsson";"0"
"2833116";"Q112135510";"nm7517117";"0";;"Sebasthian ""Basse"" Wilnerzon Thörn";"0"
"2841057";"Q125493982";"nm7179632";"2841057";;"Hazen Audel";"0"
"2843056";"Q134932519";"nm11564076";"2843056";;"Alex Comas";"0"
"2856880";"Q121354608";"nm12022887";"2856880";;"Pongpol Panyamit";"0"
"2872904";"Q136344159";"nm0281934";"0";;"Aaron Fletcher";"0"
"2873900";"Q136431808";"nm3227703";"2873900";;"Bryan Scamman";"0"
"2878336";"Q99478313";"nm6318174";"2878336";;"Aivars Linis";"0"
"2880588";"Q56511022";"nm7965886";"0";;"Nesim el Ahmadi";"0"
"2885010";"Q3074223";"nm4855642";"2885010";;"Florian Philippot";"0"
"2895245";"Q66493803";"nm9556321";"2895245";;"Diamond Langi";"0"
"2898697";"Q136326751";"nm6227839";"0";;"Eduardo Minett";"0"
"2910679";"Q136436821";"nm11525519";"0";;"Farah Justiniani";"0"
"2914738";"Q130668162";"nm12186990";"0";;"Joy Woods";"0"
"2920560";"Q20476724";"nm6013022";"0";;"Çağan Atakan Arslan";"0"
"2921752";"Q104339";"nm2290223";"0";;"Joanna Semmelrogge";"0"
"2931901";"Q6792665";"nm0220267";"0";;"Maureen Darbyshire";"0"
"2937787";"Q136112424";"nm9942168";"0";;"Moah Madsen";"0"
"2939212";"Q5126400";"nm0427774";"2939212";;"Clarence Jones";"0"
"2946708";"Q106097275";"nm8240209";"2177055";;"Chandler Queenan";"0"
"2957998";"Q135668551";"nm5007663";"2957998";;"Jon Miyahara";"0"
"2959295";"Q2076564";"nm2204340";"134227";;"Kaltoum el Fan";"0"
"2966900";"Q21005616";"nm4110133";"0";;"Himanshu Dhanuka";"0"
"2968563";"Q135448825";"nm2906633";"2968563";;"Carolina Spagnoli";"1"
"2970788";"Q136433158";"nm8221675";"2970788";;"Naïma Rodric";"0"
"2976097";"Q123232270";"nm11081272";"2976097";;"Susmita Chatterjee";"0"
"2978714";"Q12040930";"nm4947320";"2978714";;"Nikol Petruželová";"0"
"2979162";"Q47513707";"nm9282837";"2979162";;"Kehinde Andrews";"0"
"2981075";"Q135497642";"nm2415404";"2981075";;"Nate Jackson";"0"
"2982775";"Q115113890";"nm4546304";"2982775";;"Zac Oyama";"0"
"2994718";"Q111625525";"nm10434950";"0";;"Zoe Purdy";"0"
"2995863";"Q3194715";"nm1635253";"0";;"Keisha White";"0"
"2997112";"Q5937994";"nm6647521";"2997112";;"José Antonio Neme";"0"
"3006308";"Q135967846";"nm2505219";"0";;"Karen Fairchild";"0"
"3006361";"Q56359947";"nm8912776";"0";;"Kourosh Soleimani";"0"
"3018370";"Q100700029";"nm2540476";"3018370";;"Nina Niovilla";"0"
"3021914";"Q129988897";"nm5420291";"0";;"Ashley Tee";"1"
"3022563";"Q105703934";"nm12761193";"3022563";;"ermhoi";"0"
"3025167";"Q136379846";"nm12193171";"3025167";;"Sawyer Cassidy";"1"
"3034586";"Q6317487";"nm0185917";"1518454";;"Justin Craig";"0"
"3038373";"Q195013";"nm2107289";"3038373";;"Nancy Astor";"0"
"3039986";"Q123295811";"nm13479470";"0";;"Kaila Estrada";"0"
"3066840";"Q307175";"nm2602338";"3066840";;"huke";"0"
"3068176";"Q131381631";"nm0303889";"0";;"Patrick Gambuti Jr.";"0"
"3071230";"Q4125778";"nm1373029";"5396416";;"Christopher Windom";"0"
"3073399";"Q135218692";"nm5819277";"3073399";;"Praveen Kandregula";"0"
"3073820";"Q2661614";"nm0417188";"0";;"Jimi Jamison";"0"
"3096097";"Q135939984";"nm11361798";"0";;"Stephanie Suganami";"0"
"3115247";"Q134087977";"nm12408604";"3115247";;"Jacobi Jupe";"0"
"3127718";"Q136335382";"nm5702544";"3127718";;"Michael Epps";"0"
"3132841";"Q132798270";"nm0881359";"3132841";;"Stephen Unterfranz";"0"
"3133987";"Q97220728";"nm12643952";"3133987";;"Lee Sae-on";"0"
"3146628";"Q109012048";"nm7028979";"0";;"Hamza Yazıcı";"0"
"3148547";"Q110655332";"nm1783167";"0";;"Eddy Toru Ohno";"0"
"3149118";"Q136345989";"nm0151266";"0";;"Chanchal";"0"
"3159093";"Q135009936";"nm4203206";"0";;"Luca Borromeo";"1"
"3166688";"Q135746976";"nm10928940";"3166688";;"Imogen Cohen";"0"
"3170419";"Q136445370";"nm10410184";"3170419";;"Miguel Harichi";"0"
"3178444";"Q136117618";"nm4461549";"3178444";;"John-Michael Steele";"0"
"3198065";"Q95877086";"nm9542179";"3198065";;"Mario Fuchs";"0"
"3198225";"Q863128";"nm1172288";"0";;"Billy Hinsche";"0"
"3198230";"Q136230206";"nm0542261";"0";;"Mary Jane Mangler";"0"
"3202039";"Q135619223";"nm6187766";"3202039";;"Neta Orbach";"0"
"3210443";"Q136290784";"nm10498592";"3210443";;"Sofia Masson";"0"
"3215867";"Q119700509";"nm11385914";"0";;"Simon Lööf";"0"
"3217404";"Q135492279";"nm10019316";"3217404";;"Jonetta Kaiser";"0"
"3225180";"Q96110447";"nm8685876";"0";;"Johanna Giraud";"0"
"3226375";"Q4976269";"nm1813561";"3226375";;"Sofia Rågenklint";"0"
"3238740";"Q61118058";"nm13752139";"0";;"Chattarika Sittiprom";"0"
"3245395";"Q1578232";"nm2182581";"3245395";;"Hans-Ulrich Jörges";"0"
"3256420";"Q117225584";"nm12924106";"0";;"Gökçe Güneş Doğrusöz";"0"
"3264392";"Q65053766";"nm10940295";"0";;"Hsin-Chien Huang";"0"
"3287445";"Q65966910";"nm3139311";"3287445";;"Gerald Knaus";"0"
"3289455";"Q111575591";"nm11910090";"0";;"Maryam Momen";"0"
"3292154";"Q28058459";"nm13148586";"1756067";;"Kitsakorn Kanogtorn";"0"
"3293976";"Q8963434";"nm5362529";"3430459";;"Guo Zhen Ni";"0"
"3318004";"Q4336078";"nm11516121";"0";;"Marina Ordina";"0"
"3343463";"Q105702749";"nm13307083";"0";;"Dananeer Mobeen";"0"
"3352701";"Q7171989";"nm2659446";"0";;"Peter Gofton";"0"
"3363671";"Q133844607";"nm8489931";"3363671";;"John Wilcox";"0"
"3380052";"Q101565";"nm1777147";"1243948";;"Heinz Schröder";"0"
"3389553";"Q120968019";"nm13317139";"0";;"Aswath Lal";"0"
"3395594";"Q131407605";"nm4662692";"3395594";;"Jordan Gonzalez";"0"
"3403204";"Q136170387";"nm5784379";"3403204";;"Abou Chabké Joëlle";"0"
"3407969";"Q123071601";"nm9635097";"0";;"Waleria Gorobets";"0"
"3408252";"Q136396090";"nm7622581";"3408252";;"Aubin Wise";"0"
"3412673";"Q110253170";"nm12676704";"0";;"Brittney Rodriguez";"0"
"3440701";"Q135410504";"nm6072608";"3440701";;"Adib Sobhani";"0"
"3442851";"Q133258043";"nm7862766";"3442851";;"Sydney Cole Alexander";"0"
"3458231";"Q10366878";"nm1477924";"98282";;"Saige Ryan";"0"
"3481988";"Q106396209";"nm12464912";"0";;"Hediyeh Bazvand";"0"
"3534344";"Q28920282";"nm0426671";"0";;"James Francis Johnston";"0"
"3544066";"Q105296710";"nm12105477";"0";;"Johannes Berzl";"0"
"3564324";"Q22808014";"nm1219771";"0";;"George Hughes";"0"
"3576791";"Q134312692";"nm0359264";"3576791";;"Stephen Hanan";"0"
"3585255";"Q131868158";"nm13109751";"3585255";;"Ida Skelbæk-Knudsen";"0"
"3602757";"Q136447152";"nm13764221";"3602757";;"Davide Iachini";"0"
"3624024";"Q136411358";"nm8190549";"3624024";;"Guillaume Marbeck";"0"
"3624264";"Q113279227";"nm10829085";"3624264";;"Arianna Jones";"0"
"3653252";"Q130525384";"nm1275513";"3653252";;"Geoff Evans";"0"
"3657134";"Q56025848";"nm1638143";"1541155";;"Tara Lee";"0"
"3658290";"Q17225648";"nm8670856";"3658290";;"Akari Yukino";"1"
"3665640";"Q114348470";"nm13068284";"3665640";;"Yousef Elrashidy";"0"
"3672472";"Q134603441";"nm13397247";"3672472";;"Ace Hardz";"1"
"3686766";"Q25423482";"nm10275362";"3686766";;"Roya Mirelmi";"0"
"3691949";"Q1855369";"nm0951840";"0";;"Michael Zager";"0"
"3692123";"Q136169424";"nm8105509";"3692123";;"Amir Abedi";"0"
"3694869";"Q4909253";"nm0616649";"0";;"Bill H. Myers";"0"
"3702915";"Q136281983";"nm4608591";"3702915";;"Simon Ehrlacher";"0"
"3712192";"Q63929253";"nm13118763";"3712192";;"Brendan Clarke-Smith";"0"
"3719174";"Q135679331";"nm12716946";"0";;"Sara Echeagaray";"0"
"3726864";"Q4217874";"nm4957454";"0";;"Valeriy Kachaev";"0"
"3729395";"Q116978789";"nm13536380";"3729395";;"Ameena Green";"1"
"3730827";"Q132734314";"nm11904927";"3730827";;"Marianna Polyáková";"0"
"3736224";"Q100867482";"nm10126971";"0";;"Toshihiko Sano";"0"
"3737901";"Q123563488";"nm10857479";"0";;"Umer Aalam";"0"
"3738647";"Q136036406";"nm12557115";"3738647";;"Celestina Harris";"0"
"3743052";"Q114681330";"nm1903155";"2327217";;"Juan Felipe Cano";"0"
"3769534";"Q112213837";"nm12937054";"0";;"Deva Cassel";"0"
"3771182";"Q131979366";"nm13407789";"3771182";;"Ember Fiéra";"1"
"3783484";"Q131560630";"nm14853448";"3783484";;"Im So-yun";"0"
"3797199";"Q128592305";"nm10801092";"3797199";;"Morgan Dudley";"0"
"3799768";"Q136333573";"nm11612511";"3799768";;"Johannes Krimmel";"0"
"3804278";"Q104063921";"nm13252261";"3804278";;"Wisdom Kaye";"0"
"3808617";"Q136333930";"nm3938955";"3808617";;"Leticia Quinto";"0"
"3814942";"Q105704384";"nm13899107";"3814942";;"Yuina";"0"
"3818544";"Q119997711";"nm0771175";"0";;"Georg Scheu";"1"
"3828149";"Q95745174";"nm13813861";"3828149";;"Rosemarie Küssner";"0"
"3829814";"Q130236470";"nm12793034";"3829814";;"Vikash Mathura";"0"
"3842021";"Q136307513";"nm12755473";"3842021";;"Jan Ravnik";"0"
"3848632";"Q136376301";"nm14347707";"3848632";;"Anton Salachas";"0"
"3851588";"Q71220";"nm5744416";"3851588";;"Herwig Schopper";"0"
"3853429";"Q116473513";"nm9416094";"0";;"Sophia Hutchins";"0"
"3861555";"Q136418719";"nm16811246";"3861555";;"Wannakorn Reungrat";"0"
"3869426";"Q131632523";"nm3721323";"3869426";;"Michael Taylor Jackson";"0"
"3878716";"Q39071677";"nm5522814";"0";;"Alan Lo Wai-Lun";"0"
"3889933";"Q125952920";"nm14214574";"0";;"Elçin Zehra Irem";"0"
"3890643";"Q136396273";"nm11798644";"0";;"Michael Bradway";"0"
"3903602";"Q100354384";"nm4469021";"3903602";;"Xavi Daura";"0"
"3925856";"Q16016482";"nm1885403";"1320795";;"Magnús Blöndal Jóhannsson";"0"
"3948018";"Q131030310";"nm12495816";"3948018";;"Aileen Wu";"0"
"3956569";"Q136358998";"nm9324099";"3956569";;"Chandni Shah";"0"
"3969974";"Q5084354";"nm1652386";"3969974";;"Charley Rosen";"0"
"3978440";"Q131978373";"nm13796607";"0";;"Sierra Falconer";"0"
"3997940";"Q5343953";"nm0458505";"0";;"Edward Kleban";"0"
"4007573";"Q7267007";"nm1734852";"0";;"Qasim Melho";"0"
"4062998";"Q136089493";"nm11972741";"0";;"Enzo Brumm";"0"
"4068252";"Q18097359";"nm2124447";"0";;"Anastasia Ashley";"0"
"4099030";"Q108920048";"nm5752981";"0";;"Mehmet Edip";"0"
"4102402";"Q107622064";"nm6558893";"0";;"Bülent Yıldıran";"0"
"4103852";"Q136238253";"nm8122789";"0";;"Aline Rios";"1"
"4105965";"Q375308";"nm7254840";"4000203";;"Jason Moran";"0"
"4131602";"Q1239100";"nm9353034";"7522";;"Don Edwards";"1"
"4164076";"Q120729025";"nm11006495";"4164076";;"Satjakorn Chalard";"0"
"4178063";"Q128803316";"nm13697094";"0";;"Clarence Maclin";"0"
"4193708";"Q135273630";"nm15108926";"4193708";;"Juan José González N";"0"
"4218018";"Q111828543";"nm8387300";"4218018";;"Lorie Wallick";"0"
"4262171";"Q28058484";"nm13783886";"3887998";;"Lorena Schuett";"0"
"4273271";"Q24284346";"nm0971438";"0";;"Colleen Fitzpatrick";"0"
"4281010";"Q104663127";"nm8501309";"0";;"Johannes Jannasch";"0"
"4287748";"Q136281649";"nm14710091";"0";;"Sushmitha Bhat";"0"
"4300873";"Q15907111";"nm6484900";"0";;"Sylvia Feng";"0"
"4319863";"Q136125309";"nm15348311";"0";;"Shivani Nagaram";"0"
"4328672";"Q123819006";"nm16240593";"4328672";;"Tanatat Phanviriyakool";"0"
"4338888";"Q130262007";"nm15295786";"4338888";;"Rattanawadee Wongtong";"0"
"4361319";"Q115056992";"nm9637577";"0";;"Heidi Switch";"1"
"4390480";"Q136298528";"nm13860742";"4390480";;"Ellie Mejia";"0"
"4399990";"Q123688709";"nm15529794";"0";;"Farrukh Khasanov";"0"
"4467156";"Q136441050";"nm10413685";"4467156";;"Etela Čárská";"0"
"4501502";"Q134416697";"nm1470070";"4501502";;"Aleksandr Filatov";"0"
"4504423";"Q136289954";"nm14225681";"4504423";;"张艺馨";"0"
"4527277";"Q19303776";"nm1300048";"0";;"Monica Irimia";"0"
"4577690";"Q131754234";"nm12051389";"4577690";;"Elena Borgogni";"0"
"4580614";"Q136367357";"nm16424280";"4580614";;"Matimun Sreeboonrueang";"0"
"4587526";"Q2722073";"nm1827494";"0";;"Natalie Edwardes";"0"
"4609102";"Q86358030";"nm2376175";"0";;"Livio Cecini";"0"
"4640656";"Q99584328";"nm0028988";"0";;"Edith Andriesse";"0"
"4649161";"Q104370885";"nm1180554";"0";;"Trevor White";"0"
"4662082";"Q136172248";"nm4554743";"4662082";;"Isabella Briggs";"0"
"4688032";"Q134016247";"nm10416836";"4688032";;"Miles Caton";"0"
"4702202";"Q110974224";"nm11894809";"0";;"Rae Serbeck";"0"
"4721517";"Q6565877";"nm1973742";"0";;"Rebecca Gilman";"0"
"4763279";"Q136399192";"nm15983864";"4763279";;"Leya Desantis";"1"
"4778703";"Q5339866";"nm1559980";"0";;"Edmund Trebus";"0"
"4805771";"Q8053460";"nm6968102";"0";;"Yi Jet Qi";"0"
"4809761";"Q136422958";"nm0883871";"4809761";;"Toño Valdés";"0"
"4826699";"Q134128329";"nm8644082";"4826699";;"Sierra Gates";"0"
"4847206";"Q28413382";"nm9154556";"2508559";;"Lee Ying-hung";"0"
"4851962";"Q1148071";"nm14884596";"1832332";;"Juraj Hartík";"0"
"4869187";"Q105718172";"nm0028614";"0";;"Colin Andrews";"0"
"4937300";"Q134915975";"nm16232768";"0";;"Rob Rausch";"0"
"4971484";"Q136340161";"nm7677305";"0";;"Alexander Jeremy";"0"
"4973951";"Q52629632";"nm7852089";"0";;"Annelies De Nil";"0"
"4986374";"Q136226061";"nm16267748";"4986374";;"Tanan Lohawatanakul";"0"
"4986593";"Q135419217";"nm16079605";"0";;"Tomomi Themann";"0"
"5067410";"Q122940645";"nm8510485";"5067410";;"Elizabeth Vibert";"0"
"5080029";"Q19267178";"nm11339804";"0";;"André Reyes";"0"
"5088413";"Q136226023";"nm16364532";"5088413";;"Kanthee Limpitkranon";"0"
"5097339";"Q131551290";"nm15782752";"0";;"Stephen Harrisson";"0"
"5097342";"Q131551319";"nm16858362";"0";;"Staf de Neve";"0"
"5134896";"Q3288513";"nm0265426";"0";;"Ron Fair";"0"
"5135935";"Q12324520";"nm2622353";"82539";;"Linda Pedersen";"0"
"5138921";"Q136121277";"nm16854219";"5138921";;"Marc Perez";"0"
"5197338";"Q136399115";"nm15948929";"5197338";;"Hope Heaven";"1"
"5236450";"Q135226491";"nm3131645";"5236450";;"Tooraj Faramarzian";"0"
"5303970";"Q112256216";"nm1165091";"0";;"Tommy Prang Vonsyld";"0"
"5356229";"Q3194086";"nm5502752";"5356229";;"Kathleen Sergerie";"0"
"5370390";"Q124039367";"nm0290922";"0";;"Erik Frank";"0"
"5378029";"Q134998805";"nm4740400";"5378029";;"Augusto Zegarra";"0"
"5390023";"Q6500496";"nm10187997";"0";;"Laurence Brahm";"0"
"5455128";"Q135102490";"nm11471483";"0";;"Laquarn Lewis";"0"
"5455129";"Q135102472";"nm16500186";"5455129";;"Hannah Jones";"0"
"5503649";"Q5241106";"nm0929900";"988800";;"David William";"0"
"5544872";"Q4929610";"nm1235421";"990800";;"Genaro Vasquez Nevares";"0"
"5580450";"Q130319364";"nm16372162";"5580450";;"Dakota Doll";"1"
"5630592";"Q123476875";"nm10343300";"5630592";;"Fenja Gerhardter";"0"
"5667918";"Q136340281";"nm17589729";"5667918";;"Sascha Star";"0"
"5674368";"Q113017919";"nm8915539";"5674368";;"Takuma Melber";"0"
"5677485";"Q369517";"nm8859479";"5677485";;"Hamilton Bohannon";"0"
"5677893";"Q11068172";"nm2620004";"5677893";;"Chang Chun-Ming";"0"
"5684194";"Q356490";"nm1490070";"5684194";;"Charlie Christian";"0"
"5686201";"Q9298801";"nm5963819";"5686201";;"Julian Yang Shih-Hsuan";"0"
"5687508";"Q430672";"nm0040093";"5687508";;"John Jacob Astor IV";"0"
"5690511";"Q24572535";"nm4918786";"5690511";;"Rorke Denver";"0"
"5696728";"Q11276424";"nm8559720";"5696728";;"Riku Hinano";"1"
"5696967";"Q5406552";"nm1155927";"5696967";;"Rushton Moreve";"0"
"5696969";"Q6183538";"nm2038557";"5696969";;"Jerry Edmonton";"0"
"5696970";"Q3496153";"nm2040555";"5696970";;"Goldy McJohn";"0"
"5698026";"Q5017896";"nm1571453";"5698026";;"Caitlin Greer";"0"
"5700011";"Q22077855";"nm7384239";"5700011";;"Zoe Li";"0"
"5702106";"Q96791214";"nm0220147";"5702106";;"Elvire Deprez";"0"
"5711223";"Q4481357";"nm4323163";"5711223";;"Greg Farshtey";"0"
"5712084";"Q136310209";"nm13460881";"5712084";;"Tobias Demetz";"0"
"5717194";"Q363722";"nm0444441";"5717194";;"John Keegan";"0"
"5717195";"Q3069612";"nm1365931";"5717195";;"Richard Holmes";"0"
"5719767";"Q89294057";"nm2383200";"5719767";;"Sophia Rokhlin";"0"
"5720680";"Q135687455";"nm15527168";"5618097";;"Andrew Conklin";"0"
"5721217";"Q4184265";"nm0782378";"5721217";;"Toscha Seidel";"0"
"5726089";"Q2714056";"nm3291087";"5726089";;"Kim Coelewij";"0"
"5727470";"Q128152935";"nm1585547";"0";;"Bouke Jagt";"0"
"5731643";"Q107352324";"nm1708995";"5731643";;"Marietje Noordkamp";"0"
"5732334";"Q3920556";"nm0092547";"0";;"Fleur Bok";"0"
"5734802";"Q5498901";"nm0010976";"0";;"Frederick Upham Adams";"0"
