"ID_MOVIE";"ID_WIKIDATA";"ID_IMDB";"ID_WIKIDATA_MOVIE";"ID_TMDB_WIKIDATA";"TITLE";"ADULT"
"1426";"Q106718333";"tt0490174";"1426";;"Maria am Wasser";"0"
"3474";"Q473554";"tt0023002";"113630";;"Queen of Atlantis";"0"
"3490";"Q2179767";"tt0032420";"3488";;"Drums of Fu Manchu";"0"
"10570";"Q1429114";"tt0091060";"10570";;"Flodder";"0"
"39893";"Q1891905";"tt0059496";"39893";;"The Nanny";"0"
"41152";"Q106718747";"tt1307058";"41152";;"Fire!";"0"
"48489";"Q2353378";"tt0783798";"48489";;"The Sin";"0"
"57642";"Q106718329";"tt0920910";"57642";;"Yes I Am!";"0"
"57837";"Q5537686";"tt0249853";"57837";;"George Carlin: Again!";"0"
"58766";"Q136483914";"tt0101799";"58766";;"Edward Penishands";"1"
"61894";"Q136470692";"tt1529347";"61894";;"Toxic Soup";"0"
"70086";"Q5537685";"tt0249854";"70086";;"George Carlin: On Location at USC";"0"
"73774";"Q106717978";"tt0318267";"73774";;"99€ Films";"0"
"84012";"Q106718576";"tt1532413";"84012";;"The Invisible Frame";"0"
"98344";"Q647130";"tt2007993";"98344";;"Warriors of the Rainbow: Seediq Bale - Part 1: The Sun Flag";"0"
"103808";"Q12251213";"tt15321056";"0";;"Chivalrous Boys";"0"
"109186";"Q132802387";"tt0278031";"109186";;"Sheffey";"0"
"110125";"Q39049250";"tt1424051";"0";;"If I Knew What You Said";"0"
"112554";"Q56452575";"tt0114574";"112554";;"The Suburbanators";"0"
"117728";"Q49294635";"tt0118005";"0";;"Birds In Neutral";"0"
"136488";"Q22126745";"tt2073156";"136488";;"Friends After 3.11";"0"
"152216";"Q9370570";"tt0240423";"263856";;"The Cock Fight";"0"
"165629";"Q136453996";"tt0087643";"165629";;"Love Scenes";"0"
"170924";"Q3842093";"tt0095562";"170924";;"Macho Dancer";"0"
"183167";"Q3424148";"tt0206877";"183167";;"Lava Kusa";"0"
"186850";"Q136452060";"tt0819693";"186850";;"I Remember";"0"
"188991";"Q133798572";"tt0087419";"188991";;"Hollywood Out-takes and Rare Footage";"0"
"191425";"Q132819241";"tt0369461";"191425";;"Women in Rock";"0"
"194617";"Q32859491";"tt1740484";"194617";;"Constantinople, panorama de la corne d'or";"0"
"201887";"Q130460265";"tt0180852";"201887";;"Una mujer decente";"0"
"202509";"Q123330415";"tt0201673";"202509";;"Wong Fei-hung: The Whip That Smacks the Candle";"0"
"206948";"Q4204158";"tt0230340";"152392";;"Spanish Version";"0"
"210286";"Q4381638";"tt1663158";"210291";;"Super Kamen Rider Den-O Trilogy - Episode Red: Zero's Star Twinkle";"0"
"215139";"Q136502796";"tt1591471";"215139";;"End of the Icon";"0"
"240493";"Q132802438";"tt0195822";"240493";;"Illustrious Energy";"0"
"244437";"Q136475117";"tt0103267";"244437";;"Wilding";"0"
"256140";"Q136452056";"tt0103717";"256140";;"Are You Lonesome Tonight?";"0"
"263900";"Q120306776";"tt0220551";"263900";;"How to Build an Igloo";"0"
"265927";"Q941279";"tt0026577";"265927";;"Carnival in Flanders";"0"
"266113";"Q136454619";"tt0080708";"266113";;"F.D.R.: The Last Year";"0"
"271829";"Q7543926";"tt0258972";"271829";;"The Smart Alec";"1"
"274846";"Q115826122";"tt0063014";"274846";;"Seven Into Hell";"0"
"279831";"Q136454874";"tt0108259";"279831";;"Survive The Night";"0"
"280123";"Q136511541";"tt1223465";"280123";;"Showdown";"0"
"281936";"Q7930749";"tt1649434";"0";;"Villagelo Vinayakudu";"0"
"290332";"Q130604689";"tt0204807";"290332";;"Amapola Del Camino";"0"
"301400";"Q3156636";"tt0026516";"393579";;"Ich liebe alle Frauen";"0"
"301529";"Q16119024";"tt3443312";"0";;"The Ferry";"0"
"306687";"Q134631802";"tt2262157";"306687";;"Sunday";"0"
"314897";"Q136503116";"tt0025985";"314897";;"White Heat";"0"
"321342";"Q20650541";"tt4458404";"321342";;"Slugterra: Slug Fu Showdown";"0"
"321396";"Q42296322";"tt1679562";"321396";;"Die drei Gesichter der Tamara Bunke";"0"
"322255";"Q15717047";"tt1394356";"322255";;"Olavina Udugore";"0"
"326286";"Q4682850";"tt31186533";"326286";;"Adimai Changili";"0"
"326290";"Q4831781";"tt1538460";"326290";;"Ayudha Poojai";"0"
"335851";"Q5267313";"tt0129356";"335851";;"The Sea Fiend";"0"
"344157";"Q21427180";"tt18257592";"0";;"Budhanin Sirippu";"0"
"347002";"Q136489102";"tt0074541";"347002";;"Forbidden Letters";"1"
"348293";"Q3790608";"tt0021397";"556737";;"The Son of the White Mountain";"0"
"352844";"Q136506869";"tt0119953";"0";;"Profile for Murder";"0"
"356486";"Q21427738";"tt3201722";"356486";;"Lumberjack Man";"0"
"358005";"Q123289133";"tt6787198";"0";;"Sixty Years of Fashion";"0"
"361299";"Q7285673";"tt0318610";"361299";;"Rajakumaran";"0"
"362501";"Q122929113";"tt2043176";"362501";;"Power of Plants";"0"
"372491";"Q130325725";"tt0251709";"372491";;"El gallo giro";"0"
"375273";"Q1109378";"tt0419739";"0";;"The Fairly OddParents: Channel Chasers";"0"
"384564";"Q5877292";"tt2266849";"384564";;"Leaning on the Wind";"0"
"391619";"Q4881388";"tt1510728";"228207";;"Smoke Without Fire";"0"
"393467";"Q21555102";"tt2359431";"0";;"Vera and Anfisa at school";"0"
"404121";"Q23689523";"tt0042633";"404121";;"Der keusche Adam";"0"
"409213";"Q130404735";"tt8188584";"409213";;"Rojulu Marayi";"0"
"418168";"Q21057871";"tt6359586";"418168";;"Wild Flowers";"0"
"423345";"Q136486561";"tt1107325";"423345";;"Eko Eko Azarak: B-Page";"0"
"430282";"Q136466281";"tt1298595";"430282";;"The Price";"0"
"443397";"Q136506747";"tt2024398";"443397";;"Enough to Eat?";"0"
"455637";"Q136454870";"tt0178485";"455637";;"The Ghost Writer";"0"
"457383";"Q106719180";"tt3178290";"457383";;"Deutschlands wilde Vögel";"0"
"460059";"Q47034636";"tt6340604";"460059";;"Burn Out";"0"
"465472";"Q3080331";"tt0026772";"465472";;"The New Adventures of Tarzan";"0"
"468281";"Q27051655";"tt5365770";"468281";;"A Lullaby Under the Nuclear Sky";"0"
"477759";"Q66818297";"tt7336278";"477759";;"Power Bangers: A Brazzers XXX Parody";"1"
"478926";"Q3221759";"tt0130240";"478926";;"Der Schlafwagenkontrolleur";"0"
"484135";"Q84166640";"tt0466139";"0";;"The Environment";"0"
"486352";"Q48674035";"tt7994420";"486352";;"465";"0"
"491664";"Q39048991";"tt7891828";"491664";;"12-12-1950";"0"
"493274";"Q42955113";"tt7886890";"493274";;"Juliet Lover of Idiot";"0"
"503350";"Q61356897";"tt8880844";"503350";;"Udah Putusin Aja!";"0"
"503505";"Q3878958";"tt0189818";"503505";;"Notturno";"0"
"505227";"Q56604945";"tt10415842";"0";;"The Silent Glow";"0"
"512015";"Q119888036";"tt1090197";"512015";;"Die dritte Frau";"0"
"514360";"Q3574944";"tt1323019";"0";;"On A Day Like Today";"0"
"527280";"Q58058644";"tt7339938";"527280";;"You Are the Apple of My Eye";"0"
"529894";"Q136451585";"tt0104794";"529894";;"Majority Rule";"0"
"534902";"Q136472871";"tt0009554";"534902";;"The Risky Road";"0"
"535765";"Q12151350";"tt0137176";"300739";;"Port Arthur";"0"
"540301";"Q2930414";"tt0023862";"540301";;"C'était un musicien";"0"
"549742";"Q46488888";"tt1736300";"549742";;"Poursuite de cambrioleurs sur les toits";"0"
"565029";"Q123305165";"tt0191576";"565029";;"Toward Intimacy";"0"
"570572";"Q7505711";"tt0102920";"570572";;"Shuttlecock";"0"
"573998";"Q134631479";"tt5219958";"573998";;"Around the Sun";"0"
"592678";"Q30737968";"tt6445408";"592678";;"Baby Phone";"0"
"595892";"Q3220752";"tt6668862";"595892";;"Cake Walk, Performed by Nouveau Cirque";"0"
"597745";"Q111628525";"tt2120848";"597745";;"Tövbekar";"0"
"601343";"Q85775164";"tt10229602";"601343";;"The Entity";"0"
"601540";"Q132802391";"tt0074961";"601540";;"The New Daughters of Joshua Cabe";"0"
"609351";"Q7653988";"tt11867522";"0";;"Swasthik";"0"
"619375";"Q16125961";"tt1053308";"0";;"Life is a Moment";"0"
"620020";"Q136122159";"tt9834798";"620020";;"That's the Way You Love";"0"
"625833";"Q15808646";"tt0129912";"625835";;"Es werde Licht! 2. Teil";"0"
"625870";"Q16693478";"tt1538520";"0";;"The Cat Started It All";"0"
"626401";"Q77884868";"tt9740272";"0";;"Naukar Vahuti Da";"0"
"637451";"Q4305488";"tt4857348";"0";;"My Calling";"0"
"638571";"Q4300702";"tt0067438";"423883";;"Young People";"0"
"652510";"Q116923585";"tt15060006";"0";;"Legend";"0"
"653684";"Q22688530";"tt19388636";"0";;"Good Morning My Dear Wife";"0"
"657604";"Q136503434";"tt0064673";"657604";;"Mission Batangas";"0"
"660307";"Q80207440";"tt11504956";"660307";;"Lejos de Pekín";"0"
"680246";"Q136122158";"tt8964196";"680246";;"My Dearest Enemy";"0"
"686487";"Q1215918";"tt0056142";"686487";;"King Kong vs. Godzilla";"0"
"696969";"Q20001207";"tt0173038";"0";;"Pranvera serdhi vetëm";"0"
"697932";"Q261931";"tt0363600";"0";;"The Fairly OddParents: Abra Catastrophe! The Movie";"0"
"708270";"Q3233771";"tt0255968";"134220";;"Robinson's Place";"0"
"714043";"Q108392116";"tt13242098";"0";;"August 22, This Year";"0"
"721410";"Q17432109";"tt0842817";"0";;"Never Again";"0"
"731468";"Q11748324";"tt0130064";"0";;"Home Chronicles";"0"
"744263";"Q136463220";"tt14871868";"744263";;"Song Hae 1927";"0"
"745054";"Q136497335";"tt0136128";"745054";;"Edward Penishands 2";"1"
"747079";"Q3602740";"tt1429312";"747079";;"A Small Town Idol";"0"
"755529";"Q136452831";"tt12631030";"755529";;"Battle of the Bulge: Winter War";"0"
"757107";"Q111597553";"tt16153004";"0";;"My Name is Zaawaadi";"1"
"764173";"Q55390292";"tt4148284";"497804";;"Ghawar The Football Player";"0"
"772228";"Q131412619";"tt0140666";"772228";;"Usted tiene ojos de mujer fatal";"0"
"777441";"Q134366051";"tt5334028";"777441";;"The Queen of the Swallows";"0"
"785697";"Q3831150";"tt0383461";"225360";;"Letters from Palestine";"0"
"790651";"Q16593223";"tt0059781";"790651";;"Tajimara";"0"
"795272";"Q27962557";"tt10146432";"795272";;"La forteresse de verre";"0"
"796073";"Q7748653";"tt0025420";"796073";;"The Lost Jungle";"0"
"800151";"Q136409863";"tt14141970";"800151";;"Fishmans";"0"
"809677";"Q136463247";"tt14413342";"809677";;"The Man Who Paints Water Drops";"0"
"812874";"Q84470017";"tt13790854";"812874";;"Frosch im Schnabel";"0"
"820710";"Q111144593";"tt13846494";"820710";;"Medusa";"0"
"832013";"Q2056858";"tt0288615";"539091";;"De man zonder hart";"0"
"858002";"Q136502711";"tt0240843";"858002";;"Páté oddělení";"0"
"858868";"Q136122160";"tt4365590";"858868";;"The House on Fin Street";"0"
"871035";"Q3297713";"tt3699762";"871035";;"Whorrey Potter and the Sorcerer's Balls";"1"
"881420";"Q117531456";"tt13711200";"0";;"Momo in Dubai";"0"
"899382";"Q110588718";"tt15186426";"899382";;"Christmas Is Canceled";"0"
"907412";"Q94653210";"tt9337306";"907412";;"Biladi, a revolution";"0"
"911190";"Q16601855";"tt1075835";"911190";;"Sobie król";"0"
"917717";"Q123354385";"tt16738372";"917717";;"DEIFIED";"0"
"927736";"Q19581968";"tt0288211";"0";;"Scheherazade";"0"
"931268";"Q117753631";"tt0096108";"0";;"The Silence at Bethany";"0"
"931349";"Q123862686";"tt17489650";"931349";;"Ash";"0"
"932745";"Q30731142";"tt0137095";"932745";;"Martha";"0"
"941253";"Q136122157";"tt9733150";"941253";;"Snowland";"0"
"941818";"Q3986103";"tt1132221";"765852";;"The Bribe";"0"
"947533";"Q643480";"tt0017970";"191069";;"Hawk of the Hills";"0"
"957796";"Q7302082";"tt0298124";"103868";;"Rebeldía";"0"
"975817";"Q134403674";"tt28525465";"975817";;"Alone";"0"
"998135";"Q18602987";"tt5158620";"998135";;"Agnishikha";"0"
"1006473";"Q16670643";"tt0000104";"178989";;"Paris: firefighters, I. Passage of the pumps";"0"
"1008739";"Q20804213";"tt0007163";"285171";;"Paying the Price";"0"
"1016946";"Q19363967";"tt0108499";"266975";;"Visions of Murder";"0"
"1019457";"Q16238100";"tt0422823";"396995";;"Niggas' Revenge";"1"
"1025527";"Q131560840";"tt29610108";"1025527";;"Abyss";"0"
"1030245";"Q115113266";"tt22186830";"1030245";;"Brats, Be Ambitious!";"0"
"1045968";"Q136469247";"tt12525406";"1045968";;"The Fox";"0"
"1047065";"Q136463913";"tt20757810";"1047065";;"The Hunter";"0"
"1049651";"Q131597607";"tt23840698";"1403769";;"A Tale of Two Sisters";"0"
"1049789";"Q106718343";"tt1141340";"1049789";;"Über die Schwelle";"0"
"1054070";"Q14757203";"tt8555060";"1054070";;"Local tradesmen";"0"
"1055844";"Q136457443";"tt6905678";"1055844";;"Hamlet Within";"0"
"1067396";"Q61739230";"tt2887136";"0";;"Traumata";"0"
"1076749";"Q14757270";"tt0293383";"1076749";;"Majeraye shabe janviyeh";"0"
"1091468";"Q124134968";"tt28150044";"1091468";;"Un retiro para enamorarse";"0"
"1103711";"Q136482125";"tt14443692";"0";;"Slide";"0"
"1106037";"Q113500139";"tt0342027";"0";;"Spring Fantasies";"0"
"1111118";"Q134291331";"tt27646510";"0";;"Pina";"0"
"1144315";"Q135398163";"tt10303758";"1144315";;"Our Neighbors Shadow";"0"
"1150573";"Q123735203";"tt29544849";"1150573";;"Family of Two (A Mother and Son's Story)";"0"
"1161414";"Q111315665";"tt0063520";"574336";;"Rosa Arbeiter auf goldener Straße – 1. Teil";"0"
"1181110";"Q136101193";"tt34614859";"0";;"Innocent";"0"
"1191271";"Q114876930";"tt2301193";"0";;"Spicy Falafel";"0"
"1194973";"Q134631785";"tt33339316";"1194973";;"Shape";"0"
"1196791";"Q124098394";"tt28078628";"1196791";;"Soul on Fire";"0"
"1202203";"Q131355262";"tt31054427";"1202203";;"Wizzo School";"0"
"1203543";"Q4154031";"tt0275288";"975758";;"Daisi";"0"
"1210365";"Q18750238";"tt0107552";"254642";;"Memory of the Camps";"0"
"1215673";"Q12131639";"tt0274745";"0";;"The City Wakes Up Early";"0"
"1223572";"Q109428717";"tt0239363";"0";;"Эх, яблочко, куды котишься";"0"
"1239872";"Q26831418";"tt5895780";"406400";;"Personal Beliefs";"0"
"1241303";"Q134612834";"tt32485291";"0";;"Suffer Little Daughter";"0"
"1251506";"Q131195943";"tt31530623";"1251506";;"The Devil's Teardrop";"0"
"1257441";"Q6058177";"tt0306980";"1250580";;"Hülya";"0"
"1265195";"Q107288639";"tt2066148";"1265195";;"Viru - tarinoita hotellista";"0"
"1265322";"Q16127965";"tt0021570";"293906";;"Zeinab";"0"
"1268740";"Q136486800";"tt34376032";"0";;"Lucky, Apartment";"0"
"1277030";"Q132802406";"tt31490872";"1277030";;"Big Lever";"0"
"1285610";"Q136497574";"tt32264369";"1285610";;"Titwoman Vs Titwoman";"1"
"1285853";"Q7156673";"tt1836883";"59900";;"Payanam";"0"
"1286362";"Q136502655";"tt0127813";"1286362";;"The Secret Life of Herbert Dingle";"0"
"1286995";"Q135183652";"tt29003256";"0";;"The Elf";"0"
"1308789";"Q134301585";"tt36048406";"0";;"Nana Hee";"0"
"1309514";"Q130476866";"tt32298591";"1309514";;"Let's Go! Anpanman: Baikinman and Lulun";"0"
"1309587";"Q136478338";"tt32296243";"1309587";;"Hell in Paradise";"0"
"1314235";"Q136484008";"tt29630418";"1314235";;"Triumph of the Heart";"0"
"1317140";"Q133895414";"tt32589868";"1317140";;"30 notti con il mio ex";"0"
"1318221";"Q129867680";"tt35955456";"1318221";;"The Bastard Images";"0"
"1323475";"Q131956860";"tt33053440";"1323475";;"Champagne Problems";"0"
"1324131";"Q135747131";"tt37547587";"1324131";;"Rocky of the Poor";"0"
"1324315";"Q136456904";"tt38218092";"1324315";;"What's the Big Deal?!";"0"
"1361562";"Q136487531";"tt35820422";"1361562";;"Summer's Camera";"0"
"1378531";"Q136489494";"tt3730480";"1378531";;"Memories of the Mothman";"0"
"1381185";"Q136503673";"tt36867445";"0";;"Alí Primera";"0"
"1384027";"Q135236501";"tt34748740";"1384027";;"Spit";"0"
"1393318";"Q20804243";"tt0011320";"682787";;"The Husband Hunter";"0"
"1412612";"Q116051341";"tt2261803";"1412612";;"Occhi Chiusi";"0"
"1417623";"Q133042095";"tt32903281";"1417623";;"Slide";"0"
"1420024";"Q18510276";"tt0009344";"1420024";;"A Man's World";"0"
"1423672";"Q4530563";"tt8779016";"0";;"An Experiment";"0"
"1425485";"Q136487304";"tt36733209";"0";;"3670";"0"
"1426424";"Q20073399";"tt2393866";"439549";;"Ivasik-Telesik";"0"
"1428278";"Q135333699";"tt35665459";"0";;"K-Ramp";"0"
"1428766";"Q136468755";"tt35670732";"0";;"Penny Lane Is Dead";"0"
"1433339";"Q135436958";"tt35705184";"0";;"Three Goodbyes";"0"
"1434107";"Q134890089";"tt35822408";"0";;"Full Moon";"0"
"1434572";"Q7621460";"tt2176049";"451323";;"Strange, Stranger";"0"
"1439109";"Q136457069";"tt33083414";"1439109";;"Iron Winter";"0"
"1439788";"Q2673387";"tt1268873";"191763";;"Heroes All";"0"
"1440144";"Q136436756";"tt21880688";"1440144";;"La deuda";"0"
"1440521";"Q48231526";"tt6974254";"88682";;"Natascha Kampusch: The Whole Story";"0"
"1441248";"Q3990074";"tt0009830";"0";;"The Woman Who Gave";"0"
"1441563";"Q135969889";"tt35219851";"0";;"My Secret Santa";"0"
"1443547";"Q7734867";"tt0386470";"425705";;"The Formula";"0"
"1443694";"Q7460549";"tt0096083";"1443694";;"Shadow Man";"0"
"1453323";"Q136497682";"tt0136129";"1453323";;"Edward Penishands 3";"1"
"1464233";"Q136502825";"tt0252058";"1464233";;"Thinking Positive";"0"
"1469354";"Q130370500";"tt32565484";"0";;"Border Hunters";"0"
"1471399";"Q136505036";"tt36724209";"0";;"Winter in March";"0"
"1476780";"Q132407551";"tt1380169";"0";;"Nhô Anastácio Chegou de Viagem";"0"
"1477248";"Q134475956";"tt28601576";"0";;"Vembu";"0"
"1477429";"Q134418715";"tt26769608";"1477429";;"Make Me Feel";"0"
"1481097";"Q130740306";"tt37534718";"0";;"Summer School, 2001";"0"
"1504066";"Q122143513";"tt26900526";"1323756";;"EMESIS BLUE";"1"
"1525161";"Q136083891";"tt38004025";"0";;"Inferno";"0"
"1530151";"Q136483523";"tt37969278";"0";;"Hösten med Göran";"0"
"1535528";"Q135431824";"tt35977386";"0";;"Taxi Love";"0"
"1541169";"Q136450425";"tt38587950";"0";;"Blonde";"0"
"1541306";"Q136491085";"tt4817430";"1541306";;"Ash Vs. Lobo and the DC Dead";"0"
"1546257";"Q12734395";"tt2213346";"132156";;"Thomas & Friends: Blue Mountain Mystery";"0"
"1547363";"Q136375064";"tt35453057";"0";;"Hallo Betty";"0"
"1550223";"Q136498727";"tt38366532";"0";;"The Time That Remains";"0"
"1550969";"Q136368800";"tt38349498";"0";;"The Third Space";"0"
"1552869";"Q115162189";"tt11935720";"0";;"Djelac";"0"
"1555226";"Q136483576";"tt38588123";"0";;"Echoes of Motherhood";"0"
"1558493";"Q136479637";"tt38624646";"0";;"En plads i manegen";"0"
"1558890";"Q35778230";"tt0086246";"1558890";;"Say Goodnight, Gracie";"0"
"1558897";"Q3542591";"tt0468216";"1558897";;"Two Bits";"0"
"1559052";"Q65055331";"tt1280503";"1559052";;"Citizen Lambert: Joan of Architecture";"0"
"1559088";"Q122143513";"tt26900526";"1323756";;"Emesis Blue";"1"
"1559173";"Q6057633";"tt0218352";"1559173";;"Intimate Reflections";"0"
"1559362";"Q84977854";"tt1006821";"1559362";;"Araki Mataemon";"0"
"1559478";"Q3481132";"tt0435384";"1559478";;"Shabbat Night Fever";"0"
"1559527";"Q19743859";"tt6687980";"1559527";;"Tauhid";"0"
"1559564";"Q124855580";"tt27002073";"1094646";;"My Ex-Friend's Wedding";"0"
"1559582";"Q12915622";"tt0275420";"1559582";;"Ilamai Kolam";"0"
"1559609";"Q15270559";"tt0347091";"1559609";;"The Year of the Good Child";"0"
"1559692";"Q3821599";"tt0032301";"1559692";;"La canzone rubata";"0"
"1559709";"Q11553795";"tt0467991";"1559709";;"Youth Across the River";"0"
"1559912";"Q24514503";"tt0247670";"1559912";;"Rincón Criollo";"0"
"1560033";"Q12129813";"tt0346061";"1560033";;"Troublesome Wives";"0"
"1560151";"Q48674119";"tt0466079";"1560151";;"Der Nächste, bitte!";"0"
"1560662";"Q27043093";"tt5649022";"1560662";;"Audaz se Eleva";"0"
"1560869";"Q6151049";"tt0005561";"1560869";;"Jane";"0"
"1560877";"Q7650550";"tt7619886";"1560877";;"Suwanda Denuna Jeewithe";"0"
"1560880";"Q20004238";"tt0006165";"1560880";;"To Redeem a Value";"0"
"1560883";"Q21511288";"tt0004852";"1560883";;"10,000 Dollars";"0"
"1560885";"Q7769563";"tt0007467";"1560885";;"The Tongues of Men";"0"
"1560888";"Q7726591";"tt0006523";"1560888";;"The Code of Marcia Gray";"0"
"1560893";"Q21183919";"tt0007351";"1560893";;"Sins of Her Parent";"0"
"1560899";"Q20666787";"tt0008160";"1560899";;"The Kingdom of Love";"0"
"1560900";"Q21511839";"tt0008890";"1560900";;"The Blindness of Divorce";"0"
"1560905";"Q21512743";"tt0009083";"1560905";;"For Freedom";"0"
"1560910";"Q7339656";"tt0012630";"1560910";;"Roads of Destiny";"0"
"1560913";"Q8857186";"tt0012321";"1560913";;"The Invisible Power";"0"
"1560915";"Q21648762";"tt0012435";"1560915";;"The Man from Lost River";"0"
"1560922";"Q21646483";"tt0015908";"1560922";;"Her Husband's Secret";"0"
"1561009";"Q15270577";"tt1388886";"1561009";;"Two Hands";"0"
"1561089";"Q21870029";"tt1117651";"1561089";;"Yoshiwara";"0"
"1561246";"Q116051410";"tt1070774";"1561246";;"La gerla di Papà Martin";"0"
"1561660";"Q20814786";"tt0117790";"1561660";;"Sur un air de mambo";"0"
"1561988";"Q3234795";"tt0438330";"1561988";;"Les poilus de la revanche";"0"
"1562083";"Q50821652";"tt0231151";"0";;"Roman d'Amour";"0"
"1562083";"Q4204884";"tt0231151";"0";;"Roman d'Amour";"0"
"1562142";"Q31184786";"tt1461257";"1562142";;"Strike in the Machine Factory";"0"
"1562409";"Q4661081";"tt13387300";"1562409";;"Aachariyangal";"0"
"1562469";"Q4742035";"tt1946132";"1562469";;"Our Luck";"0"
"1562625";"Q16310775";"tt33090887";"1562625";;"Naan Pudicha Mappillai";"0"
"1562954";"Q12986002";"tt0318545";"0";;"Parvathi Ennai Paradi";"0"
"1563153";"Q15716483";"tt0245677";"0";;"Aahuthi";"0"
"1563212";"Q7764567";"tt0229169";"0";;"The Six of Us";"0"
"1563337";"Q20649443";"tt0028318";"0";;"Strangers on Honeymoon";"0"
"1563426";"Q12837732";"tt1188402";"0";;"Bomb";"0"
"1563447";"Q7973570";"tt1638967";"0";;"Water on the Table";"0"
"1563543";"Q127870622";"tt32676647";"1307521";;"The Good Daughter";"0"
"1563809";"Q136457048";"tt37718218";"0";;"Alfa & Bravo";"0"
"1563846";"Q123288723";"tt0227771";"0";;"A Warehouse for Bodies";"0"
"1564259";"Q74549681";"tt3914298";"333411";;"Making a Scene | 11 Performances";"0"
"1564377";"Q110934761";"tt0036314";"0";;"Rivilotta";"0"
"1564382";"Q130494162";"tt0102476";"0";;"Mujer Transparente";"0"
"1564427";"Q5614002";"tt0080825";"0";;"Guardafronteras";"0"
"1564510";"Q115587049";"tt5313220";"0";;"Here We Live";"0"
"1564582";"Q127543949";"tt12214692";"0";;"Good Girl Lola";"0"
"1564694";"Q60854692";"tt17042716";"0";;"Mare/amore - Frammenti di storie d'amore";"0"
"1564850";"Q24706462";"tt3278902";"0";;"Election Year";"0"
"1564952";"Q127600136";"tt1327826";"0";;"Niflheim: Blood & Bullets";"0"
"1564988";"Q127600798";"tt1054479";"0";;"Devil's Gateway";"0"
"1565084";"Q127600194";"tt0472623";"0";;"In Blood";"0"
"1565089";"Q127599921";"tt1142322";"0";;"The Subject";"0"
"1565091";"Q127600772";"tt0820988";"0";;"Parallels";"0"
"1565200";"Q4004473";"tt0216368";"0";;"Una vita da sballo";"0"
"1565412";"Q61124805";"tt0275697";"0";;"Stari vruskavac";"0"
"1565590";"Q65201968";"tt0193086";"0";;"The Deputy's Hour";"0"
"1565656";"Q124569645";"tt15428022";"0";;"Station 5";"0"
"1565850";"Q18611445";"tt14085040";"0";;"Software Ganda";"0"
"1565859";"Q9360713";"tt0234916";"0";;"Трака-трак";"0"
"1566033";"Q4837203";"tt0007668";"0";;"Bab's Matinee Idol";"0"
"1566080";"Q60854630";"tt0204256";"0";;"Delizie Erotiche";"1"
"1566158";"Q7749991";"tt0007018";"0";;"The Man Who Would Not Die";"0"
"1566505";"Q3214357";"tt1677731";"0";;"Labor of Love";"0"
"1566691";"Q7661459";"tt0407234";"0";;"Symphony";"0"
"1566720";"Q19363570";"tt0362504";"0";;"The Chinatown Mystery";"0"
"1566813";"Q17085692";"tt2896768";"0";;"Berlin Calling";"0"
"1566819";"Q19864116";"tt15432236";"0";;"Champagne";"0"
"1566836";"Q15055493";"tt0442107";"0";;"The Desperado";"0"
"1567037";"Q17432016";"tt0452231";"0";;"From Out of the Dregs";"0"
"1567177";"Q25830889";"tt0169593";"0";;"Bay i batrak";"0"
"1567257";"Q113840019";"tt13378754";"0";;"Murder in Mulhouse";"0"
"1567438";"Q65066756";"tt0014834";"0";;"Daughters of Today";"0"
"1567519";"Q12134251";"tt0185540";"0";;"Housewarming";"0"
"1567532";"Q4373774";"tt0263884";"0";;"The Last Visit";"0"
"1567579";"Q31184356";"tt0199948";"0";;"Ping without Pong";"0"
"1567583";"Q57772540";"tt1076873";"0";;"Byzantine Empire";"0"
"1567649";"Q3990066";"tt0437636";"0";;"The Woman";"0"
"1567709";"Q18915050";"tt0012307";"0";;"The Idol of the North";"0"
"1567866";"Q65199255";"tt4966424";"0";;"Hello, I've Arrived!";"0"
"1567910";"Q21646130";"tt0157341";"0";;"Badshah";"0"
"1568000";"Q123479524";"tt0035688";"0";;"Boldog idők";"0"
"1568070";"Q110581756";"tt0017415";"0";;"Somebody's Mother";"0"
"1568095";"Q56322631";"tt0016423";"0";;"The Thoroughbred";"0"
"1568098";"Q3989433";"tt0016388";"0";;"The Sporting Chance";"0"
"1568102";"Q66154611";"tt0010644";"0";;"The Rough Neck";"0"
"1568106";"Q3987535";"tt0008089";"0";;"The Hidden Children";"0"
"1568109";"Q64262719";"tt0009727";"0";;"The Turn of a Card";"0"
"1568115";"Q7715866";"tt0006403";"0";;"The Battle of Hearts";"0"
"1568120";"Q21183835";"tt0005630";"0";;"The Little Gypsy";"0"
"1568125";"Q64221086";"tt0014976";"0";;"The Heart Bandit";"0"
"1568156";"Q132643504";"tt14211062";"0";;"I Danced for the Angel of Death - The Dr. Edith Eva Eger Story";"0"
"1568209";"Q136411403";"tt35442170";"0";;"La Habitación Negra";"0"
"1568259";"Q7884352";"tt0278792";"0";;"An Unfinished Symphony";"0"
"1568293";"Q16479154";"tt2339779";"0";;"The Little Bell";"0"
"1568345";"Q6123066";"tt0439641";"0";;"Jahan Tum Le Chalo";"0"
"1568369";"Q3602569";"tt0008266";"0";;"A Man's Man";"0"
"1568369";"Q3602567";"tt0008266";"0";;"A Man's Man";"0"
"1568376";"Q53789057";"tt0011733";"0";;"The Steel King";"0"
"1568378";"Q3602744";"tt0006066";"0";;"A Soldier's Oath";"0"
"1568379";"Q7747462";"tt0332210";"0";;"The Lion's Mouse";"0"
"1568382";"Q59725598";"tt0140800";"0";;"All of a Sudden Norma";"0"
"1568464";"Q18128403";"tt28718093";"0";;"Naane Raja";"0"
"1568497";"Q4738476";"tt0004885";"0";;"Always in the Way";"0"
"1568507";"Q3634626";"tt0004937";"0";;"Barbara Frietchie";"0"
"1568513";"Q19599585";"tt1346309";"0";;"Shapatha";"0"
"1568527";"Q2957846";"tt0007783";"0";;"Charity Castle";"0"
"1568539";"Q3988735";"tt0876518";"0";;"The Pitfall";"0"
"1568546";"Q15717031";"tt0275573";"0";;"Onde Raktha";"0"
"1568548";"Q18201753";"tt14827310";"0";;"Mamatheya Madilu";"0"
"1568551";"Q28173806";"tt8719310";"0";;"Shabash Vikram";"0"
"1568571";"Q62277886";"tt0010932";"0";;"Yvonne from Paris";"0"
"1568580";"Q60854511";"tt0485890";"0";;"Les deux gosses - Épisode 1: La faute d'une mère";"0"
"1568587";"Q42049575";"tt0011082";"0";;"A Cumberland Romance";"0"
"1568658";"Q10539696";"tt0228192";"0";;"Jarret – The Deadly Encounter";"0"
"1568667";"Q17431943";"tt0421895";"0";;"The Buried Past";"0"
"1568670";"Q28497488";"tt0451397";"0";;"From Out the Storm";"0"
"1568864";"Q4769210";"tt0007642";"0";;"Annie-for-Spite";"0"
"1568881";"Q43259934";"tt0011166";"0";;"Eyes of the Heart";"0"
"1568895";"Q3305139";"tt0125397";"0";;"Melissa of the Hills";"0"
"1568915";"Q48996566";"tt0434271";"0";;"Patrie";"0"
"1568948";"Q123288704";"tt0207423";"0";;"Donald Brittain: Filmmaker";"0"
"1569039";"Q7168939";"tt0008423";"0";;"Periwinkle";"0"
"1569051";"Q7368017";"tt0004544";"0";;"Rose of the Alley";"0"
"1569059";"Q1194241";"tt0006958";"0";;"Lovely Mary";"0"
"1569067";"Q19007213";"tt0014006";"0";;"Drums of Fate";"0"
"1569078";"Q48672743";"tt0011745";"0";;"Sweet Lavender";"0"
"1569079";"Q5313345";"tt0125069";"0";;"Dulcie's Adventure";"0"
"1569135";"Q20075175";"tt2820452";"0";;"A Music Teacher";"0"
"1569248";"Q7120061";"tt0397601";"0";;"POV Pervert";"1"
"1569374";"Q8855240";"tt0008996";"0";;"A Daughter of the Old South";"0"
"1569386";"Q55637523";"tt0015476";"0";;"Welcome Stranger";"0"
"1569398";"Q55395695";"tt0012785";"0";;"Two Minutes to Go";"0"
"1569409";"Q3811511";"tt0012340";"0";;"Just Out of College";"0"
"1569410";"Q27963200";"tt0009225";"0";;"In the Hollow of Her Hand";"0"
"1569414";"Q23767794";"tt0008642";"0";;"The Sunset Trail";"0"
"1569425";"Q17479160";"tt0010618";"0";;"Redhead";"0"
"1569484";"Q5952852";"tt0125032";"0";;"Cardboard Hotel";"0"
"1569646";"Q109973858";"tt9685996";"0";;"Nihanda Sewanali";"0"
"1569680";"Q15123088";"tt0016209";"0";;"The People vs. Nancy Preston";"0"
"1569682";"Q48672427";"tt0008437";"0";;"The Planter";"0"
"1569683";"Q56816878";"tt0016618";"0";;"Bad Man's Bluff";"0"
"1569686";"Q3352153";"tt0008382";"0";;"On Record";"0"
"1569689";"Q6193258";"tt0018041";"0";;"Jim the Conqueror";"0"
"1569691";"Q19363642";"tt0013262";"0";;"If You Believe It, It's So";"0"
"1569693";"Q3785065";"tt0009164";"0";;"Her Great Chance";"0"
"1569779";"Q3986443";"tt0013030";"0";;"The Cowboy and the Lady";"0"
"1569846";"Q24883548";"tt0019149";"0";;"The Masked Angel";"0"
"1569848";"Q17027845";"tt1612094";"0";;"The Ride";"0"
"1569864";"Q19864360";"tt0018110";"0";;"The Love Thrill";"0"
"1569898";"Q19980013";"tt0005817";"0";;"Nur nicht heiraten";"0"
"1570009";"Q51278942";"tt0020275";"0";;"Pleasure Crazed";"0"
"1570033";"Q65069642";"tt0015350";"0";;"Soiled";"0"
"1570043";"Q65678112";"tt0134097";"0";;"The Show Girl";"0"
"1570058";"Q19926404";"tt0015090";"0";;"Love's Wilderness";"0"
"1570062";"Q23999915";"tt0304604";"0";;"The Quest for Freedom";"0"
"1570068";"Q3987502";"tt0018986";"0";;"The Heart of a Follies Girl";"0"
"1570093";"Q10369202";"tt0016328";"0";;"Secret Service Sanders";"0"
"1570097";"Q3484962";"tt0015334";"0";;"Single Wives";"0"
"1570109";"Q19867756";"tt0012695";"0";;"The Single Track";"0"
"1570110";"Q59725898";"tt0190100";"0";;"Two-Gun Betty";"0"
"1570113";"Q104878804";"tt0011218";"0";;"The Garter Girl";"0"
"1570114";"Q16615474";"tt0011857";"0";;"The Whisper Market";"0"
"1570115";"Q19880626";"tt0013272";"0";;"Island Wives";"0"
"1570240";"Q19363840";"tt4513022";"0";;"The Smash Brothers";"0"
"1570252";"Q17478838";"tt0167041";"0";;"Betty Be Good";"0"
"1570255";"Q3522154";"tt0015207";"0";;"The Painted Flapper";"0"
"1570257";"Q86530145";"tt0009959";"0";;"The Bramble Bush";"0"
"1570260";"Q63565888";"tt0016371";"0";;"Some Pun'kins";"0"
"1570263";"Q3521749";"tt0007014";"0";;"The Man from Bitter Roots";"0"
"1570264";"Q3987248";"tt0010172";"0";;"The Girl Problem";"0"
"1570265";"Q21183740";"tt0007618";"0";;"Aladdin from Broadway";"0"
"1570266";"Q54810361";"tt0011782";"0";;"The Tower of Jewels";"0"
"1570283";"Q19866637";"tt0007619";"0";;"Aladdin's Other Lamp";"0"
"1570284";"Q6152285";"tt0123922";"0";;"Jane Goes A-Wooing";"0"
"1570287";"Q19363922";"tt0010771";"0";;"The Third Kiss";"0"
"1570291";"Q3522072";"tt0005822";"0";;"The Old Folks at Home";"0"
"1570292";"Q18915082";"tt0010368";"0";;"Little Comrade";"0"
"1570294";"Q20715439";"tt0017718";"0";;"Burning Gold";"0"
"1570329";"Q63986512";"tt0166823";"0";;"Steele of the Royal Mounted";"0"
"1570331";"Q3859057";"tt0010471";"0";;"Miss Arizona";"0"
"1570463";"Q18708897";"tt0010976";"0";;"Babs";"0"
"1570470";"Q12375359";"tt14770628";"0";;"Stereo";"0"
"1570487";"Q104872276";"tt0130635";"0";;"Down Upon the Suwanee River";"0"
"1570578";"Q8073527";"tt1545757";"0";;"The Blue Mountains Part 2";"0"
"1570719";"Q7571879";"tt0008612";"0";;"Sowers and Reapers";"0"
"1570725";"Q57584328";"tt0016681";"0";;"Broadway Billy";"0"
"1570844";"Q17026940";"tt0323859";"0";;"Saattai illatha Pambaram";"0"
"1570979";"Q5581561";"tt1191904";"0";;"Gone Fishing";"0"
"1571177";"Q19363629";"tt0205128";"0";;"His Debt";"0"
"1571196";"Q17478836";"tt0158490";"0";;"The Beggar Prince";"0"
"1571272";"Q17478975";"tt0010283";"0";;"The Illustrious Prince";"0"
"1571275";"Q17400169";"tt0187752";"0";;"The Brand of Lopez";"0"
"1571280";"Q18915010";"tt0008049";"0";;"Hashimura Togo";"0"
"1571325";"Q13564977";"tt0122173";"0";;"Mere Sapno Ki Rani";"0"
"1571334";"Q24807869";"tt0149609";"0";;"Aisi Bhi Kya Jaldi Hai";"0"
"1571341";"Q20649170";"tt0013130";"0";;"Five Days to Live";"0"
"1571347";"Q20081457";"tt0008145";"0";;"The Jaguar's Claws";"0"
"1571348";"Q16248334";"tt0006343";"0";;"Alien Souls";"0"
"1571616";"Q21868855";"tt0011768";"0";;"3 Gold Coins";"0"
"1571624";"Q13101774";"tt1463447";"0";;"Bonobo";"0"
"1571863";"Q3925889";"tt0010601";"0";;"Puppy Love";"0"
"1571864";"Q3989130";"tt0009578";"0";;"The Savage Woman";"0"
"1571871";"Q13469234";"tt0010483";"0";;"More Deadly Than the Male";"0"
"1571878";"Q4657031";"tt0010171";"0";;"A Girl Named Mary";"0"
"1571881";"Q18464067";"tt0183911";"0";;"The Trail of the Shadow";"0"
"1571883";"Q24905532";"tt0009665";"0";;"A Successful Adventure";"0"
"1571884";"Q51756489";"tt0008303";"0";;"Miss Robinson Crusoe";"0"
"1571886";"Q17478839";"tt0006428";"0";;"The Big Sister";"0"
"1572087";"Q16250777";"tt0010175";"0";;"Girls";"0"
"1572147";"Q3986299";"tt0012053";"0";;"The City of Silent Men";"0"
"1572149";"Q56241162";"tt4830834";"0";;"The Duchess of Doubt";"0"
"1572153";"Q18149868";"tt0190393";"0";;"A Favor to a Friend";"0"
"1572154";"Q20076579";"tt0010136";"0";;"Fools and Their Money";"0"
"1572155";"Q26720543";"tt0009869";"0";;"The Amateur Adventuress";"0"
"1572156";"Q7766687";"tt0007398";"0";;"The Storm";"0"
"1572158";"Q62595478";"tt0196706";"0";;"Live Sparks";"0"
"1572160";"Q21752730";"tt0009654";"0";;"Stolen Honor";"0"
"1572162";"Q10264478";"tt0014837";"0";;"Days of '49";"0"
"1572164";"Q86847769";"tt0152485";"0";;"Smoldering Embers";"0"
"1572165";"Q27957914";"tt0015707";"0";;"Counsel for the Defense";"0"
"1572166";"Q27997219";"tt0015503";"0";;"The Wise Virgin";"0"
"1572167";"Q56045065";"tt0010303";"0";;"The Island of Intrigue";"0"
"1572378";"Q117530501";"tt7528992";"1522272";;"Europa: The Last Battle";"0"
"1572387";"Q56290560";"tt0010182";"0";;"The Gold Cure";"0"
"1572393";"Q18150295";"tt0008017";"0";;"God's Law and Man's";"0"
"1572405";"Q56241164";"tt0008166";"0";;"Lady Barnacle";"0"
"1572443";"Q41229269";"tt0006691";"0";;"The Flower of No Man's Land";"0"
"1572446";"Q18150206";"tt0006711";"0";;"The Gates of Eden";"0"
"1572458";"Q18609222";"tt0009814";"0";;"The Winding Trail";"0"
"1572685";"Q86082047";"tt0098729";"0";;"Éjszaka";"0"
"1572743";"Q19363718";"tt0010518";"0";;"Oh, You Women!";"0"
"1572755";"Q13460291";"tt0010185";"0";;"Good-Bye, Bill";"0"
"1572765";"Q18693072";"tt0244395";"0";;"L'amara scienza";"0"
"1572770";"Q18709058";"tt0007269";"0";;"Rolling Stones";"0"
"1572775";"Q18380823";"tt0211500";"0";;"Il manoscritto di Van Hecken";"0"
"1572796";"Q18708993";"tt0006923";"0";;"The Light of Happiness";"0"
"1572831";"Q13423794";"tt0009574";"0";;"Sandy";"0"
"1572842";"Q21752617";"tt0008893";"0";;"Blue-Eyed Mary";"0"
"1572852";"Q21752655";"tt0009684";"0";;"Tell It to the Marines";"0"
"1572863";"Q16688621";"tt4920100";"0";;"The Farewell";"0"
"1572918";"Q26720617";"tt0198303";"0";;"Les amours de Rocambole";"0"
"1572942";"Q4155605";"tt5953540";"0";;"Twenty Years Later";"0"
"1572956";"Q12102762";"tt0144795";"0";;"Bleach";"0"
"1573076";"Q26720584";"tt0008006";"0";;"A Girl at Bay";"0"
"1573078";"Q16679917";"tt0010769";"0";;"Thin Ice";"0"
"1573079";"Q7723406";"tt0010010";"0";;"The Climbers";"0"
"1573080";"Q3704235";"tt0011099";"0";;"Deadline at Eleven";"0"
"1573082";"Q87143773";"tt0132954";"0";;"The Fire Bride";"0"
"1573083";"Q15918523";"tt0013860";"0";;"The Barefoot Boy";"0"
"1573085";"Q3987976";"tt0009284";"0";;"The Legion of Death";"0"
"1573089";"Q16038809";"tt0186863";"0";;"A Beggar in Purple";"0"
"1573090";"Q3962766";"tt0008592";"0";;"Sleeping Fires";"0"
"1573092";"Q63802231";"tt0013638";"0";;"Strange Idols";"0"
"1573095";"Q56736617";"tt0016900";"0";;"Forbidden Waters";"0"
"1573098";"Q17028258";"tt0008563";"0";;"The Seven Swans";"0"
"1573101";"Q86714608";"tt0011434";"0";;"Man's Plaything";"0"
"1573103";"Q1171621";"tt0238646";"0";;"The Sweet Girl";"0"
"1573108";"Q57779987";"tt0012886";"0";;"Alias Julius Caesar";"0"
"1573109";"Q58814779";"tt0016763";"0";;"The Danger Girl";"0"
"1573110";"Q83500247";"tt0195858";"0";;"King Spruce";"0"
"1573176";"Q16314188";"tt10225444";"0";;"Ponnu Pakka Poren";"0"
"1573188";"Q120403126";"tt0390638";"0";;"Yakılacak Kitap";"0"
"1573192";"Q97217176";"tt0212623";"0";;"Yakılacak Kitap";"0"
"1573263";"Q136297550";"tt21083532";"0";;"Even";"0"
"1573415";"Q16249447";"tt0010015";"0";;"Come Out of the Kitchen";"0"
"1573421";"Q13423791";"tt0009467";"0";;"Out of a Clear Sky";"0"
"1573427";"Q3989808";"tt0008726";"0";;"The Valentine Girl";"0"
"1573431";"Q13423815";"tt0010775";"0";;"Three Men and a Girl";"0"
"1573439";"Q17022489";"tt0006930";"0";;"Little Lady Eileen";"0"
"1573440";"Q16253903";"tt0007150";"0";;"Out of the Drifts";"0"
"1573441";"Q16387063";"tt0007088";"0";;"Molly Make-Believe";"0"
"1573443";"Q3856098";"tt0007060";"0";;"Mice and Men";"0"
"1573727";"Q59682903";"tt0236706";"0";;"Saint-Denys Garneau";"0"
"1573798";"Q625770";"tt0112040";"1441818";;"The Langoliers";"0"
"1573842";"Q19571055";"tt0373720";"0";;"Bhavum";"0"
"1573959";"Q4179882";"tt5289800";"0";;"The Living Corpse";"0"
"1573992";"Q27042241";"tt5996242";"0";;"Triforce";"0"
"1574028";"Q65032357";"tt5182352";"0";;"Inuit Cree Reconciliation";"0"
"1574038";"Q4657132";"tt0402219";"0";;"A Good Thing Going";"0"
"1574161";"Q29628485";"tt1809674";"0";;"Johannas Christmas";"0"
"1574206";"Q48759722";"tt0772877";"0";;"J’ai quitté l’Aquitaine";"0"
"1574259";"Q56736614";"tt0017424";"0";;"The Speeding Venus";"0"
"1574270";"Q3377339";"tt0008644";"0";;"Sunshine and Gold";"0"
"1574272";"Q76758900";"tt0175664";"0";;"The Girl Angle";"0"
"1574497";"Q28064433";"tt6353440";"0";;"Nome di battaglia Donna";"0"
"1574581";"Q78605730";"tt0232993";"0";;"De zone";"0"
"1574605";"Q3521095";"tt0014098";"0";;"The Grail";"0"
"1574613";"Q3522850";"tt0009653";"0";;"The Still Alarm";"0"
"1574616";"Q3520292";"tt0008963";"0";;"The City of Purple Dreams";"0"
"1574631";"Q61015582";"tt0019707";"0";;"The Body Punch";"0"
